,student_id,minutes_watched,paid_in_q2
0,3969,56.21,1
1,7015,0.17,1
2,2130,92.06,1
3,12971,36.54,1
4,6261,0.18,1
5,986,0.07,1
6,8734,238.45,1
7,7782,135.65,1
8,4019,415.31,1
9,6421,660.64,1
10,111643,23.27,1
11,7452,9.15,1
12,4034,1226.81,1
13,1018,171.13,1
14,6252,409.82,1
15,3598,33.52,1
16,3048,20.78,1
17,27104,0.07,1
18,4692,106.04,1
19,14425,12,1
20,841,1298.91,1
21,1900,59.21,1
22,5676,6.61,1
23,5836,1259.56,1
24,2410,462.67,1
25,4143,76.62,1
26,1019,8.58,1
27,9794,127.95,1
28,2685,8.12,1
29,4861,5.41,1
30,12442,134.97,1
31,26958,177.08,1
32,7521,59.25,1
33,3286,3.99,1
34,2417,47.23,1
35,12989,883.04,1
36,2653,669.41,1
37,8600,206.46,1
38,12857,229.5,1
39,1935,3.5,1
40,12589,234.95,1
41,998,6.63,1
42,3840,0.42,1
43,37860,195.94,1
44,5340,260.81,1
45,959,12.3,1
46,2409,1648.97,1
47,2819,27.05,1
48,7495,0.15,1
49,3914,8.58,1
50,15345,291.49,1
51,4609,19.22,1
52,1081,453.35,1
53,25863,93.04,1
54,1867,6.07,1
55,5704,0.55,1
56,16450,339.38,1
57,7282,92.18,1
58,3780,125.66,1
59,19005,340.21,1
60,7094,1.3,1
61,1363,765.74,1
62,6278,974.87,1
63,2304,195.34,1
64,8825,0.22,1
65,7358,163.47,1
66,4220,39.9,1
67,973,43.7,1
68,7294,129.5,1
69,1820,104.49,1
70,9252,0.73,1
71,1482,354.67,1
72,2636,1487.55,1
73,12241,140.94,1
74,26922,2.42,1
75,2236,18.37,1
76,1784,0.13,1
77,41613,328.77,1
78,11800,74.73,1
79,2894,0.75,1
80,2641,4.61,1
81,11365,358.81,1
82,41451,105.42,1
83,10938,2.54,1
84,3420,469.56,1
85,2284,135.93,1
86,5450,19.77,1
87,3897,0.12,1
88,17524,146.22,1
89,1897,189.57,1
90,4629,1812.84,1
91,3874,2.03,1
92,25992,23.59,1
93,1235,2.75,1
94,58539,24.05,1
95,13644,161.93,1
96,7306,132.29,1
97,9513,28.85,1
98,7540,193.14,1
99,19268,70.34,1
100,19074,39.13,1
101,10131,55.76,1
102,11628,35.23,1
103,2338,42.34,1
104,709,2.3,1
105,3426,17.5,1
106,1369,4.95,1
107,16414,220.32,1
108,1306,68.94,1
109,9260,2.08,1
110,8005,1456.07,1
111,838,507.83,1
112,3513,238.78,1
113,6560,20.35,1
114,4230,262.8,1
115,5299,265.1,1
116,2688,413.17,1
117,3611,67.86,1
118,4464,33.9,1
119,10690,0.08,1
120,1587,93.92,1
121,9521,0.07,1
122,9108,785.23,1
123,1424,136.74,1
124,1119,73.26,1
125,4395,1.3,1
126,9114,145.41,1
127,3034,2.18,1
128,1459,95.21,1
129,3708,1.33,1
130,1864,454.95,1
131,7275,3.43,1
132,11227,313.12,1
133,35147,18.37,1
134,22476,146.32,1
135,2018,215.3,1
136,4112,4.95,1
137,2312,51.25,1
138,7568,687.63,1
139,5334,11.49,1
140,14633,80.05,1
141,1852,587.98,1
142,11026,75.41,1
143,1033,0.05,1
144,19636,21.1,1
145,3248,34.23,1
146,7179,3.74,1
147,113546,6.48,1
148,4347,34.98,1
149,930,159.52,1
150,10398,178.84,1
151,52075,0.32,1
152,4001,181.14,1
153,782,33.91,1
154,14470,8.45,1
155,18719,118.61,1
156,5574,9.08,1
157,1866,1084.7,1
158,988,364.29,1
159,6394,332.58,1
160,2295,12.08,1
161,1216,0.19,1
162,956,1.92,1
163,1125,11.39,1
164,4991,946.76,1
166,34981,0.43,1
167,5058,15.68,1
168,12207,60.88,1
169,1052,34.33,1
170,10272,43.9,1
171,8950,5.43,1
172,1283,0.33,1
173,6944,15.45,1
174,7819,5.98,1
175,3850,405.6,1
176,2544,31.4,1
177,5227,0.33,1
178,3266,5.95,1
179,1600,33.55,1
180,6665,24.35,1
181,2084,0.4,1
182,2441,188,1
183,19347,14.23,1
184,3691,86.67,1
185,10791,37.93,1
186,2820,0.32,1
187,12270,0.95,1
188,3215,177.3,1
189,14915,960.06,1
190,3860,266.45,1
191,5212,415.7,1
192,3221,93.63,1
193,969,57.8,1
194,34081,1.93,1
195,9703,408.59,1
196,3070,863.66,1
197,7373,17.98,1
198,9754,17.97,1
199,4156,377.05,1
200,11739,5.95,1
201,800,482.24,1
202,7863,2.32,1
203,17943,6.99,1
204,9465,510.99,1
205,2917,1045.39,1
206,1705,606.2,1
207,6884,1509.07,1
208,3414,0.23,1
209,1389,66.67,1
210,4371,13.91,1
211,4162,0.55,1
212,6227,235.62,1
213,22195,1.68,1
214,6312,489.54,1
215,11711,27.56,1
216,1382,17.15,1
217,5996,61.93,1
218,7178,83.78,1
219,2922,433.28,1
220,8868,669.31,1
221,2723,114.78,1
222,3494,272.07,1
223,33916,2.85,1
224,6965,75.87,1
225,4515,87.05,1
226,3965,9.58,1
227,1960,276.4,1
228,21801,2.2,1
229,24423,1001.68,1
230,3613,1191.22,1
231,15110,0.12,1
232,20556,0.17,1
233,7291,7.72,1
234,2275,0.25,1
235,16832,0.1,1
236,6218,14.73,1
237,1947,185.16,1
238,8133,152.89,1
239,9112,8.93,1
240,6451,12.2,1
241,4104,251.62,1
242,30439,0.08,1
243,5612,173.05,1
244,2114,696.33,1
245,9334,68.37,1
246,3199,15.88,1
247,11124,6.15,1
248,7861,1918.87,1
249,928,99.05,1
250,10839,855.26,1
251,1461,7.8,1
252,2529,84.67,1
253,3447,10.1,1
254,2630,90.06,1
255,2911,4.05,1
256,6745,86.8,1
257,2719,49.2,1
258,7676,0.05,1
259,11538,0.1,1
260,2663,101.91,1
261,1355,232.41,1
262,33796,176.83,1
263,2506,11.5,1
264,6331,55.35,1
265,829,151.36,1
267,3983,18.61,1
268,3817,30.79,1
269,1294,1.75,1
270,25057,413,1
271,8018,133.56,1
272,2160,51.12,1
273,5104,253.4,1
274,6433,254.18,1
275,1099,0.28,1
276,13501,86.14,1
277,19821,132.01,1
278,12160,1565.98,1
279,6698,35.13,1
280,1605,173.91,1
281,6379,211.41,1
282,3700,131.03,1
283,4837,408.74,1
284,1437,318.9,1
285,13510,168.21,1
286,3213,525.13,1
287,9188,157.65,1
288,2429,16.11,1
289,17159,166.88,1
290,31588,4.55,1
291,1790,1340.69,1
292,2516,72.41,1
293,11583,155.86,1
294,1015,1026.31,1
295,961,326.15,1
296,2167,709.67,1
297,6395,348.22,1
298,977,0.6,1
299,2555,105.8,1
300,5385,334.88,1
301,2726,6.58,1
302,1166,338.81,1
303,18722,121.04,1
304,1029,62.65,1
305,603,8.19,1
306,1501,850.05,1
307,9354,7.95,1
308,1086,894.86,1
309,876,2.13,1
310,23708,539.58,1
311,2081,706.77,1
312,4574,36.1,1
313,13902,28.37,1
314,19150,133.36,1
315,4849,680.83,1
316,1680,1.63,1
317,11607,93.55,1
318,3473,35.8,1
319,5143,30.12,1
320,6363,62,1
321,25156,376.05,1
322,2278,0.67,1
323,4003,0.05,1
324,3297,64.6,1
325,10288,385.67,1
326,5358,14.98,1
327,10390,43.15,1
328,1667,23.18,1
329,616,1103.45,1
330,3707,662.26,1
331,9952,23.73,1
332,1862,2.7,1
333,4363,55.52,1
334,2375,59.79,1
335,3099,83.88,1
336,2414,219.83,1
337,6743,23.97,1
338,9803,273.99,1
339,19845,2.63,1
340,3138,26.58,1
341,1350,1694,1
342,9303,6.3,1
343,22653,0.08,1
344,3090,41.8,1
345,19053,16.23,1
346,1016,56.18,1
347,3702,73.37,1
348,1091,46.46,1
349,1465,47.44,1
350,4646,149.36,1
351,16417,0.07,1
352,10662,2.93,1
353,862,978.9,1
354,2743,11.23,1
355,4829,993.83,1
356,5515,7.28,1
357,4539,0.05,1
358,7687,2416.85,1
359,8912,291.24,1
360,4784,13.37,1
361,5579,7.38,1
362,2306,20.45,1
363,12043,23.58,1
364,3679,19.55,1
365,894,0.07,1
366,2091,2258.62,1
367,3815,210.96,1
368,5076,348.39,1
369,7254,363.28,1
370,7502,134.39,1
371,9021,159.27,1
372,5663,27.6,1
373,8779,0.3,1
374,18314,2.1,1
375,10685,76.46,1
376,10337,4.6,1
377,2362,125.08,1
378,16863,10.91,1
379,9231,144.59,1
380,2265,90.54,1
381,8380,667.09,1
382,1550,395.48,1
383,3441,45.7,1
384,3402,13.23,1
385,2621,221.12,1
386,5577,252.52,1
387,7382,969.49,1
389,5071,315.32,1
390,1710,18.63,1
391,14953,38.83,1
392,3512,383.11,1
393,11002,42.97,1
394,1132,139.87,1
395,11644,27.22,1
396,7631,22.94,1
397,1595,102.67,1
398,7482,110.27,1
399,9000,350.49,1
400,2738,0.28,1
401,12868,12.21,1
402,5010,391.48,1
403,18360,582.56,1
404,5774,22.1,1
405,6580,26.72,1
406,11748,87.23,1
407,19692,117.28,1
408,2324,2069.84,1
409,10103,8.75,1
410,1776,1695.52,1
411,15179,2.62,1
412,3080,171.5,1
413,8444,7.43,1
414,18319,309.35,1
415,9409,961.54,1
416,6814,27.43,1
417,2256,41.97,1
418,9793,1071.8,1
419,2335,36.38,1
420,8798,10.07,1
421,19562,925.36,1
422,2797,39.58,1
423,7217,2.59,1
424,5739,150.17,1
425,7962,32.77,1
426,8773,22.3,1
427,5153,59.78,1
428,4435,806.31,1
429,4402,324.81,1
430,1615,3.43,1
431,8095,697.8,1
432,3875,517.64,1
433,9478,42.53,1
434,3112,22.42,1
435,1801,3,1
436,4898,153.44,1
437,8068,111.56,1
438,1531,2.71,1
439,3074,25.3,1
440,4413,833.63,1
441,1244,26.03,1
442,1693,149.94,1
443,18954,686.16,1
444,3647,603.68,1
445,7021,31.6,1
446,8057,55.59,1
447,4640,293.82,1
448,18865,0.18,1
449,16118,1387.81,1
450,7620,118.36,1
451,4927,39.96,1
452,5671,29.2,1
453,16473,0.73,1
454,4706,304.39,1
455,5644,0.07,1
456,2821,351.24,1
457,18678,174.03,1
458,6659,189.13,1
459,6253,283.93,1
460,15472,152.05,1
461,5601,245.79,1
462,1214,36.09,1
463,3698,1650.93,1
464,4723,103.81,1
465,13620,1118.3,1
466,4266,165.29,1
467,10748,1591.37,1
468,18510,4.74,1
469,13079,1392.69,1
470,7128,592.88,1
471,9560,103.72,1
472,7583,712.55,1
473,16825,0.27,1
474,11808,70.3,1
475,2928,2.03,1
476,16728,201.93,1
477,6367,157.07,1
478,3809,7.32,1
479,12802,111.34,1
480,9736,675.76,1
481,805,48.47,1
482,2577,3.45,1
483,4158,19.97,1
484,9372,14.78,1
485,3787,216.33,1
486,3984,697.14,1
487,14700,331.62,1
488,14765,1031.18,1
489,1102,983.82,1
490,3550,167.3,1
491,10029,7.05,1
492,1327,160.47,1
493,12551,272.81,1
494,3291,1379.46,1
495,987,149.6,1
496,7889,1.15,1
497,4872,360.72,1
498,12234,11.36,1
499,4884,0.1,1
500,982,38.85,1
501,6757,71,1
502,3524,174.63,1
503,10365,126.75,1
504,1686,0.13,1
505,3575,253.78,1
506,1375,28.78,1
507,12816,50.62,1
508,1188,35.4,1
509,12751,65.12,1
510,2064,231.99,1
511,11311,566.56,1
512,7127,231.31,1
513,1683,1078.19,1
514,3704,21.83,1
515,5716,4.53,1
516,5633,2118.74,1
518,7726,73.7,1
519,13180,248.02,1
520,13134,15.21,1
521,7987,3.35,1
522,6569,4.35,1
523,5221,0.07,1
524,3146,0.18,1
526,12797,5.01,1
527,1066,375.32,1
528,1393,0.05,1
529,1561,550.45,1
530,4585,635.96,1
531,13076,259.95,1
532,698,35.97,1
533,7349,1270.93,1
534,13043,110.05,1
535,3938,50.38,1
536,5136,13.9,1
537,1173,487.4,1
538,6464,203.89,1
539,2106,1.98,1
540,6418,42.44,1
541,11489,68.9,1
542,7155,147.49,1
543,4615,0.37,1
544,5063,0.1,1
545,7752,70.65,1
546,5323,96.4,1
547,1143,21.02,1
548,4969,5.19,1
549,12808,3.08,1
550,12811,0.38,1
551,12771,88.27,1
552,12761,309.87,1
553,4062,89.43,1
554,8555,94.05,1
555,12534,58.78,1
556,1165,40.68,1
557,3467,17.23,1
558,2750,14.98,1
559,13179,143.46,1
560,8495,252.84,1
561,8010,481.08,1
562,1863,118.35,1
563,5589,146.52,1
564,1468,10.94,1
565,8758,454.71,1
566,7606,14.69,1
567,1688,1802.95,1
568,9989,15.47,1
569,12644,0.95,1
570,1040,0.08,1
571,2655,162,1
572,7561,890.03,1
573,5286,226.6,1
574,7231,570.32,1
575,5389,0.33,1
576,1702,1.1,1
577,1374,219.41,1
578,9856,493.83,1
579,8539,199.15,1
580,9882,112.44,1
581,7735,0.1,1
582,12610,256.94,1
583,5939,17.73,1
584,893,370.11,1
585,2188,856.52,1
586,3466,251.71,1
587,4381,15.08,1
588,4621,1119.22,1
589,2803,182.39,1
590,4231,669.92,1
591,8425,16.08,1
592,5336,589.03,1
593,8519,27.17,1
594,5070,181.57,1
595,1669,259.42,1
596,6096,388.93,1
597,1010,4.93,1
598,12222,625.15,1
599,2266,81.12,1
600,7873,9.81,1
601,10057,13.35,1
602,5274,22.08,1
603,523,1322.25,1
604,11735,431.28,1
605,5782,297.85,1
606,4054,99.58,1
607,12127,12.98,1
608,10276,114.22,1
609,12146,6.62,1
610,2290,220.46,1
611,1155,9.13,1
612,4322,51.79,1
613,7250,90.32,1
614,12073,36.53,1
615,11937,5.38,1
616,3857,2.5,1
617,2824,21.97,1
618,2108,304.3,1
619,8716,5.08,1
620,11604,1117.06,1
621,11812,0.25,1
622,8223,377.69,1
623,2793,79.29,1
624,4790,411.3,1
625,870,510.93,1
626,9571,325.1,1
627,9708,98.58,1
628,1140,137.59,1
629,8567,3.73,1
630,1064,27.09,1
631,8873,11.37,1
632,3050,27.88,1
633,936,379.87,1
634,854,6.85,1
635,7975,94.16,1
636,2218,1005.18,1
637,4311,4.58,1
638,6667,11.44,1
639,6824,307.5,1
640,10158,347.7,1
641,2772,1272.77,1
642,2708,0.17,1
643,2385,367.61,1
644,9985,50.92,1
645,3498,1724.85,1
646,9544,0.4,1
647,1428,339.83,1
648,1914,305.9,1
649,1169,49.65,1
650,1827,1.6,1
651,4721,2416.62,1
652,5080,1340.83,1
653,9027,187.1,1
654,7122,126.5,1
655,6110,559.12,1
656,8952,26.34,1
657,1006,16.34,1
658,2308,1.7,1
659,4013,1200.64,1
660,2661,5.18,1
661,614,674.39,1
662,4797,5.27,1
663,2642,148.72,1
664,8260,7.03,1
665,1242,53.38,1
666,8412,548.29,1
667,2431,12.58,1
668,3688,170.4,1
669,1678,470.62,1
670,2406,36,1
671,7081,30.44,1
672,8107,0.95,1
673,4795,255.03,1
674,8053,34.4,1
675,5262,426.54,1
676,8030,182.48,1
677,6542,128.68,1
678,2274,368.79,1
679,2112,2237.71,1
680,3987,103.37,1
681,5453,1559.01,1
682,7898,65.87,1
683,3931,1.99,1
684,1652,322.46,1
685,6890,290.82,1
686,2354,1848.69,1
687,7245,231.6,1
688,1046,899.59,1
689,1651,71.74,1
690,7742,213.23,1
691,1056,25.34,1
692,6921,2346.43,1
693,2403,2.37,1
694,4376,214.67,1
695,3927,1393.09,1
696,9612,46.49,1
697,7645,288.74,1
698,1272,234,1
699,3338,795.32,1
700,872,6.72,1
701,7443,14.83,1
702,1695,385.37,1
703,3661,31.26,1
704,4921,275.78,1
705,3709,1440.36,1
706,3785,362.22,1
707,4707,1308.07,1
708,1323,60.51,1
709,3824,8.67,1
710,3685,4.75,1
711,6888,58.64,1
712,1196,119.24,1
713,7406,7.55,1
714,3419,1.27,1
715,7524,0.12,1
716,3239,378.39,1
717,3022,507.85,1
718,520,91.19,1
719,3316,0.1,1
720,7487,681.26,1
721,2398,0.42,1
722,2162,114.65,1
723,1849,81.86,1
724,143012,90.2,1
725,851,375.38,1
726,5511,0.07,1
727,1008,472.98,1
728,5088,0.78,1
729,3675,3.89,1
730,4053,49.53,1
731,1911,109.74,1
732,2213,38.28,1
733,3920,0.07,1
734,2877,518.5,1
735,7086,1149.13,1
736,6505,80.83,1
737,2359,26.08,1
738,2120,581.67,1
739,7386,70.04,1
740,7412,1931.29,1
741,4377,42.03,1
742,1522,196.95,1
743,2805,248.62,1
744,1504,1072.96,1
745,2929,639.05,1
746,1257,2.06,1
747,7365,648.8,1
748,7355,0.37,1
749,2233,330.63,1
750,7908,701.18,1
751,7343,985.03,1
752,3430,1346,1
753,5064,252.17,1
754,3478,824.17,1
755,5309,710.51,1
756,2830,1254.03,1
757,7307,231.68,1
758,7310,32.14,1
760,6681,8.45,1
761,7076,3,1
762,1658,159.55,1
763,3471,234.4,1
764,7483,1.85,1
765,875,355.18,1
766,6503,8.24,1
767,6885,977.13,1
768,6027,24.15,1
769,3687,779.4,1
770,7475,556.23,1
771,4828,0.48,1
772,7071,1382.31,1
773,4686,4.68,1
774,1792,89.05,1
775,7246,379.26,1
776,2099,250.56,1
777,7244,669.82,1
778,2397,712.64,1
779,7242,106.23,1
780,1042,403.87,1
781,1473,48.88,1
782,6924,268.05,1
783,5434,461.15,1
784,1653,247.07,1
785,6939,0.43,1
786,1513,272.3,1
787,7008,0.22,1
788,6836,33.54,1
789,3470,20.23,1
790,5098,281.54,1
791,6940,35.9,1
792,6869,39.76,1
793,4450,0.35,1
794,3393,10.17,1
795,2899,2030.09,1
796,7212,25.83,1
797,6129,194.1,1
798,2774,557.97,1
799,5686,136.96,1
800,1881,130.05,1
801,5036,964.15,1
802,4055,8.83,1
803,4593,2.8,1
804,6791,261.14,1
805,1073,5.03,1
806,3913,0.2,1
807,4040,740.58,1
808,7169,32.1,1
809,7163,252.62,1
810,7115,17.33,1
811,6950,102.88,1
812,2710,17.15,1
813,3481,2.95,1
814,1187,63.4,1
815,7096,133.16,1
816,6685,523.63,1
817,4241,29.05,1
819,1201,200.12,1
820,608,387.68,1
821,2671,10.38,1
822,3423,454.35,1
823,6616,1512.78,1
824,7013,115.76,1
825,1633,13.15,1
826,5632,112.46,1
827,6932,205.2,1
828,6819,603.79,1
829,4160,120.48,1
830,1932,51.78,1
831,6867,9.08,1
832,3852,1007.12,1
833,1128,1002.51,1
834,7129,8.62,1
835,5707,117.46,1
836,2217,64.05,1
837,1426,165.57,1
838,2195,403.49,1
839,6043,163.54,1
840,1331,101.38,1
841,6627,24.85,1
842,2698,42.17,1
843,6773,18.03,1
844,2918,601.2,1
845,143038,753,1
846,6559,160.42,1
847,1977,994.55,1
848,903,141.34,1
849,2843,19.64,1
850,6409,169.74,1
851,6070,157.68,1
852,2207,332.4,1
853,6034,0.08,1
854,7133,483.7,1
855,3934,98.71,1
856,5578,16.02,1
857,5598,28.14,1
858,5567,761.91,1
859,3750,51.82,1
860,5391,357.55,1
861,3832,258.29,1
862,5279,139.42,1
863,4756,96.74,1
864,3774,1069.77,1
865,5130,875.12,1
866,1259,759.9,1
867,5028,819.2,1
868,1434,1690.58,1
869,1542,2007.99,1
870,4793,5.13,1
871,4743,18.35,1
872,2222,10.15,1
873,4617,1127.92,1
874,2267,92.4,1
875,4553,0.12,1
876,4294,51.43,1
877,4568,20.72,1
878,4522,0.67,1
879,4393,117.22,1
880,1759,133.37,1
881,3814,164.12,1
882,4384,398.33,1
883,4360,410.67,1
884,4337,1018.61,1
885,3949,214.08,1
886,3663,903.45,1
887,3162,403.96,1
888,1588,5.68,1
889,4135,0.08,1
890,2920,11.4,1
891,933,717.52,1
892,4043,548.02,1
893,4050,2023.57,1
894,1909,6.38,1
895,882,1080.69,1
896,3943,83.56,1
897,3856,963.37,1
898,2292,8.51,1
899,3799,115.12,1
900,3758,153.95,1
901,5155,54.6,1
902,1471,0.05,1
903,3681,136.9,1
904,3865,227.71,1
905,3453,295.81,1
906,3381,54.94,1
907,3288,186.99,1
908,3219,150.39,1
909,3130,0.23,1
910,1045,82.25,1
912,2826,12.21,1
913,2136,1209.86,1
914,840,1122.12,1
915,3092,609.09,1
916,3011,586.37,1
917,3062,37.86,1
918,3031,136.78,1
919,3016,24.17,1
920,3002,1377.86,1
921,2154,223.71,1
922,965,1125.8,1
923,2950,0.13,1
924,618,546.35,1
925,516,46.27,1
926,2938,1331.21,1
927,2827,1653.57,1
928,4551,0.14,1
929,2813,17.35,1
930,2019,39.82,1
931,1532,2.22,1
932,1145,657.35,1
933,2887,566.51,1
934,143216,872.45,1
935,5591,6.35,1
936,2550,9.61,1
937,2056,55.85,1
938,2840,1.12,1
939,2833,2.63,1
940,2536,905.37,1
941,2066,1085.99,1
942,1701,678.76,1
943,2815,310.56,1
944,3626,824.04,1
945,2761,0.3,1
946,1502,0.63,1
947,3115,51.72,1
948,2754,901.29,1
949,2731,39.83,1
950,2741,2.25,1
951,2859,798.51,1
952,2725,26.9,1
953,2248,1398.25,1
954,4595,59.7,1
955,27576,392.04,1
956,832,358.2,1
957,2620,73.54,1
958,4186,226.75,1
959,3538,1083.86,1
960,2651,57.91,1
961,2054,1562.08,1
962,2022,21.32,1
963,2575,77.84,1
964,1357,142.72,1
965,994,280.97,1
966,691,499.51,1
967,1116,0.12,1
968,2447,574.29,1
969,2010,85.78,1
970,2258,1077.96,1
971,3468,672.31,1
972,2332,34.13,1
973,2255,17.91,1
974,2978,35.23,1
975,842,289.61,1
976,1553,83.14,1
977,1908,47.42,1
978,1644,135.06,1
980,2135,16.84,1
981,2003,93.11,1
982,2113,43.51,1
983,801,333.4,1
984,2104,44.12,1
985,1993,144.38,1
986,1246,1475.22,1
987,2026,65.1,1
988,1880,94.98,1
989,1950,214.77,1
990,1945,23.16,1
991,1938,326.14,1
992,1918,395.66,1
993,1898,308.86,1
994,1896,1058.62,1
995,1535,831.18,1
996,1802,0.45,1
997,1207,184.11,1
998,1538,191.58,1
999,1737,168.85,1
1000,1835,1386.56,1
1001,1823,1499.2,1
1002,865,1038.44,1
1003,1765,432.43,1
1004,1795,139.98,1
1005,1711,138.65,1
1006,1794,188.13,1
1007,2933,45.95,1
1008,1299,55.56,1
1009,1778,887.56,1
1010,1014,191.84,1
1011,143289,32.33,1
1012,1739,109.3,1
1013,1733,230.23,1
1014,1537,0.14,1
1015,1491,2594.36,1
1016,1957,304.39,1
1017,1324,90.7,1
1018,3187,76.86,1
1019,1209,6.47,1
1020,1105,2.9,1
1021,991,1640.48,1
1022,143327,37.22,1
1023,3161,114.79,1
1024,8679,1.03,1
1025,22351,0.23,1
1026,1649,3.95,1
1027,1035,1449.76,1
1028,1197,1758.29,1
1029,8538,31.8,1
1030,3082,26.25,1
1031,11879,2540.89,1
1032,2825,1.17,1
1033,908,2278,1
1034,3977,109.32,1
1035,13960,19.54,1
1036,6125,1164.39,1
1037,2340,150.01,1
1038,2231,131.4,1
1039,1224,19.89,1
1040,4404,615.35,1
1041,9100,211.07,1
1042,12508,718.96,1
1043,4874,391.61,1
1044,13807,30.33,1
1045,4803,109.15,1
1046,4877,12.6,1
1047,16052,576.18,1
1048,2831,40.19,1
1049,3188,609.04,1
1050,3589,0.28,1
1051,2187,643.39,1
1052,1463,7.25,1
1053,1158,4.58,1
1055,1127,433.43,1
1056,1308,388.75,1
1057,4400,1037.78,1
1058,12279,0.07,1
1059,5638,19.27,1
1060,2118,554.61,1
1061,23526,1.02,1
1062,4320,5.14,1
1063,19969,3.39,1
1064,10595,19.17,1
1065,4544,49.56,1
1066,1190,124.14,1
1067,2190,419.65,1
1068,3659,5.37,1
1069,5884,65.04,1
1070,8452,102.63,1
1071,1498,32.62,1
1072,4917,1.9,1
1073,6739,2509.41,1
1074,666,332.91,1
1075,659,1337.63,1
1076,143527,1147.54,1
1077,1313,0.55,1
1078,143536,7.28,1
1079,143561,541.97,1
1080,1330,108.11,1
1081,143519,9.47,1
1082,143597,6.05,1
1083,143599,55.58,1
1084,6982,55.45,1
1085,6011,164.36,1
1086,143693,48.1,1
1087,1292,33.94,1
1088,1226,12.83,1
1089,9336,5.47,1
1090,1249,12.23,1
1091,143746,325.01,1
1092,143777,64.71,1
1093,143781,1128.46,1
1094,2051,161.56,1
1096,143643,524.77,1
1097,9429,1638.51,1
1098,911,878.07,1
1099,7404,14.57,1
1100,143853,636.73,1
1101,6530,604.66,1
1102,144090,1.95,1
1103,830,0.36,1
1104,143770,167.87,1
1105,144119,2.25,1
1106,1183,1333.03,1
1107,2092,848.06,1
1108,5734,315.63,1
1109,144220,39.84,1
1110,143489,0.76,1
1111,3303,443.2,1
1112,1388,87.18,1
1113,144343,242.28,1
1114,9107,309.7,1
1115,144348,390.38,1
1116,1638,706.91,1
1117,144387,71.89,1
1118,144395,533.02,1
1119,3985,0.37,1
1120,144384,147.5,1
1121,869,175.87,1
1122,144444,65.95,1
1123,3017,166.61,1
1124,143920,31.23,1
1125,8964,20.71,1
1126,42928,235.77,1
1127,8924,569.07,1
1128,144556,405.69,1
1129,144565,612.31,1
1130,9178,59.3,1
1131,8937,42.82,1
1132,1057,1075.14,1
1133,144644,101.49,1
1134,144492,211.96,1
1135,144378,1370.17,1
1136,144681,281.95,1
1137,8797,33.98,1
1138,7612,891.09,1
1139,144599,74.89,1
1140,144164,579.63,1
1141,144403,289.99,1
1142,144788,574.94,1
1143,4698,6.47,1
1144,144789,73.34,1
1145,144240,215.55,1
1146,142411,0.23,1
1147,144869,1366.93,1
1148,144874,522.84,1
1149,144273,11.56,1
1150,144907,0.72,1
1151,144900,548.16,1
1152,144873,146.53,1
1153,144087,0.08,1
1154,8544,65.8,1
1155,144987,237.88,1
1156,2377,61.92,1
1157,144126,461.62,1
1158,1419,203.61,1
1159,7503,44.89,1
1160,1544,26.7,1
1161,144467,56.43,1
1162,2318,3.58,1
1163,5325,166.51,1
1164,5687,48.3,1
1165,1606,5.58,1
1166,1713,86.83,1
1167,145135,884.43,1
1168,144230,21.52,1
1169,145050,504.74,1
1170,145183,184.27,1
1171,145231,39.26,1
1172,145278,155.33,1
1173,1253,0.15,1
1174,145013,271.74,1
1175,144929,550.2,1
1176,144843,2245.77,1
1178,145353,486.96,1
1179,26933,386.96,1
1180,145349,390.95,1
1181,145091,130.94,1
1182,1317,776.42,1
1183,7934,65.93,1
1184,145370,1101.89,1
1185,145240,759.13,1
1186,145399,0.05,1
1187,3416,0.15,1
1188,145464,68.46,1
1189,4739,768.99,1
1190,2967,0.44,1
1191,145089,494.47,1
1192,32237,449.72,1
1193,145681,564.39,1
1194,145190,5.45,1
1195,145751,53.08,1
1196,145754,8.83,1
1197,4458,69.94,1
1199,145795,931.71,1
1200,143514,49.91,1
1201,14629,121.73,1
1202,6589,443.78,1
1203,2093,496.11,1
1204,6817,13.5,1
1205,2839,290.96,1
1206,145842,0.15,1
1207,145773,2.68,1
1208,145853,94.3,1
1209,145793,204.17,1
1210,145762,609.85,1
1211,145821,259.74,1
1212,145560,260.48,1
1213,144381,315.86,1
1214,145868,280.47,1
1215,143701,375.87,1
1216,5955,111.03,1
1217,2692,94.75,1
1218,10218,16.65,1
1219,145768,822.87,1
1220,145903,1.48,1
1222,2943,285.52,1
1223,143801,105.22,1
1224,1841,23.65,1
1225,2351,18.75,1
1226,24451,112.48,1
1227,9653,639.85,1
1228,143797,505.34,1
1229,146015,977.52,1
1230,146021,441.76,1
1231,2303,19.08,1
1232,146051,20.01,1
1233,145993,743.61,1
1234,146068,42.85,1
1235,145179,18.63,1
1236,24006,792.19,1
1237,3797,306.83,1
1238,146144,83.56,1
1239,145899,374.91,1
1240,145345,137.28,1
1241,3305,308.39,1
1242,2650,30.2,1
1243,16991,1490.51,1
1244,145258,350.22,1
1245,144083,72.95,1
1246,3728,893.74,1
1247,143523,747.35,1
1248,146172,600.24,1
1249,145954,636.57,1
1250,143444,63.51,1
1251,145774,28.05,1
1252,702,96.91,1
1253,146145,31.11,1
1254,145308,237.77,1
1255,145310,4.98,1
1256,5203,227.04,1
1257,145281,141.47,1
1258,3641,192.56,1
1259,3712,47.85,1
1260,146224,620.02,1
1261,146252,177.81,1
1262,145628,0.35,1
1263,3558,155.67,1
1264,24924,227.94,1
1265,146036,72.13,1
1266,145344,8.6,1
1267,146133,391.8,1
1268,146308,310.39,1
1270,145877,107.25,1
1271,146352,817.1,1
1272,2866,1630.57,1
1273,144293,1112.94,1
1274,143711,45.5,1
1275,146367,801.76,1
1276,145965,926.41,1
1277,146384,25.49,1
1278,146397,1455.67,1
1279,146339,1147.06,1
1280,146201,1247.5,1
1281,146419,0.23,1
1282,146427,476.58,1
1283,146429,0.25,1
1284,3359,279.32,1
1285,9598,457.4,1
1286,2657,28.17,1
1287,146487,119.36,1
1288,146514,708,1
1289,145834,1104.49,1
1290,146526,341.01,1
1291,135372,45.77,1
1292,146542,54.89,1
1293,6958,384.81,1
1294,146551,56.43,1
1295,146552,0.43,1
1296,6,81.06,1
1297,146485,431.99,1
1298,146555,2.12,1
1299,863,624.94,1
1300,5974,1017.61,1
1301,3148,21.26,1
1302,146536,372.92,1
1303,13566,12.87,1
1304,2339,182.27,1
1305,1902,133.83,1
1306,144713,7.65,1
1307,2973,68.68,1
1308,1917,30.47,1
1309,999,117.9,1
1310,7548,3.98,1
1311,145196,45.01,1
1312,4869,50.59,1
1313,699,0.13,1
1314,144764,432.86,1
1315,146734,19.18,1
1316,1284,586.51,1
1317,2229,574.58,1
1318,146730,76.66,1
1319,144305,394.14,1
1320,146767,440.26,1
1321,145792,105.36,1
1322,1825,487.42,1
1323,1336,9.65,1
1324,10002,62.32,1
1325,144786,868.27,1
1326,34049,14.3,1
1327,1773,415.49,1
1328,144956,115.91,1
1329,146853,29.53,1
1330,146855,6.92,1
1331,146189,192.72,1
1332,30427,6.55,1
1333,146865,68.71,1
1334,6488,1468.64,1
1335,146880,66.53,1
1336,146888,176.76,1
1337,3779,592.3,1
1338,145944,305.28,1
1339,146897,130.88,1
1340,146907,54.15,1
1341,10393,709.28,1
1342,146801,756.17,1
1343,11082,6.85,1
1344,7724,24.1,1
1345,2463,6.98,1
1346,1002,1394.49,1
1347,8183,40.32,1
1348,144939,744.1,1
1349,146937,76.37,1
1350,146821,302.11,1
1351,2706,918.17,1
1352,146940,0.17,1
1353,146772,39.26,1
1354,4537,169.6,1
1355,146948,318.62,1
1356,810,190.15,1
1357,146958,633.98,1
1358,146960,448.6,1
1359,146964,282.77,1
1360,7232,176.86,1
1361,146976,413.64,1
1362,146977,434.65,1
1363,146908,121.45,1
1364,778,201.61,1
1365,146914,276.09,1
1366,146991,193.72,1
1367,20733,265.42,1
1368,8437,774.46,1
1369,147005,340.09,1
1370,2954,316.01,1
1371,147015,700.96,1
1372,2546,95.86,1
1373,146518,493.05,1
1374,146568,9.67,1
1375,5971,53.93,1
1376,147025,23.12,1
1377,5373,244.56,1
1378,3147,23.58,1
1379,146932,37.76,1
1380,145957,19.13,1
1381,147043,438.02,1
1382,147044,0.8,1
1383,146760,38.85,1
1384,147045,1072.69,1
1385,6643,541.96,1
1386,146851,353.88,1
1387,146788,1534.88,1
1389,4946,22.57,1
1391,146866,952.27,1
1392,147057,347.84,1
1393,1745,119.62,1
1394,147061,954.76,1
1395,147062,37.6,1
1396,16725,787.17,1
1397,5223,585.86,1
1398,147076,10.35,1
1399,146479,1360.7,1
1400,1238,50.8,1
1401,146249,25.37,1
1402,146424,456.4,1
1403,147087,349.06,1
1404,4685,6.28,1
1405,32669,67.04,1
1406,1732,319.33,1
1407,2364,397.44,1
1408,2078,10.13,1
1409,147102,426.79,1
1410,4801,359.4,1
1411,147013,112.91,1
1412,594,3.73,1
1413,145230,6.97,1
1414,147111,17.32,1
1415,4514,306.16,1
1416,2617,158.38,1
1417,147047,499.79,1
1418,147059,155.46,1
1419,123732,26.37,1
1420,147136,420.21,1
1421,1939,423.6,1
1422,70008,113.54,1
1423,147143,750.12,1
1424,147146,59.61,1
1425,1567,921.56,1
1426,147053,33,1
1427,147148,547.44,1
1428,147149,266.08,1
1429,147150,175.1,1
1430,2079,4.47,1
1431,147152,69.62,1
1432,147158,499.15,1
1433,143392,278.66,1
1434,147161,140.32,1
1435,147169,540.97,1
1436,145796,800.6,1
1437,144400,543.53,1
1438,5543,975.43,1
1439,147066,224.63,1
1440,147178,60.95,1
1441,147180,445.79,1
1442,147181,18.15,1
1443,11209,642.95,1
1444,146625,65.14,1
1445,13169,2.02,1
1446,144749,1022.5,1
1447,6997,164.5,1
1448,4939,346.87,1
1449,147249,36.48,1
1450,145822,3.28,1
1451,42675,1730.22,1
1452,3781,1600.73,1
1453,145185,148.35,1
1454,6599,33.67,1
1455,7034,467.04,1
1456,147259,0.35,1
1457,147317,350.09,1
1458,10608,6.05,1
1459,2437,72.22,1
1460,145235,24.3,1
1461,2149,604.18,1
1462,4582,24.75,1
1463,5791,0.42,1
1464,147356,681.64,1
1465,147359,33.35,1
1466,147236,1482.78,1
1467,1500,821.39,1
1468,1353,397.34,1
1469,1347,29.94,1
1470,145290,2202.13,1
1471,1175,35.26,1
1472,147430,642.06,1
1473,147217,662.7,1
1474,115084,5.3,1
1475,120374,475.57,1
1476,147444,151.08,1
1477,147446,630.35,1
1478,15736,487.13,1
1479,147447,219.18,1
1480,12735,217.38,1
1481,146807,223.91,1
1482,147290,246.97,1
1483,147449,233.14,1
1484,147448,873.35,1
1485,147460,71.88,1
1486,147319,54.57,1
1487,145167,256.19,1
1488,144707,357.04,1
1489,147473,2585.12,1
1490,10078,16.63,1
1491,145813,320.29,1
1492,143407,19.98,1
1493,5392,12.32,1
1494,145684,1.88,1
1495,147506,193.87,1
1496,6030,385.33,1
1497,146891,861.14,1
1498,147515,13.05,1
1499,2055,53.47,1
1500,147526,327.19,1
1501,147368,96.74,1
1502,147530,334,1
1503,147231,175.45,1
1504,147550,40.11,1
1505,147555,464.36,1
1506,147405,491.33,1
1507,147479,1163.57,1
1508,146872,958.19,1
1509,146799,162.61,1
1510,4613,130.83,1
1511,147197,534.48,1
1512,5427,41.48,1
1513,145477,115.23,1
1514,143691,22.23,1
1515,19954,919.25,1
1516,147591,80.08,1
1517,147593,795.86,1
1518,6239,48.49,1
1519,4827,10.38,1
1520,146457,460.24,1
1521,143466,27.96,1
1522,147600,540.74,1
1524,147604,1458.11,1
1525,144627,688.88,1
1526,141064,119.3,1
1527,147612,260.88,1
1528,146859,215.17,1
1529,147618,1507.29,1
1530,147546,273.41,1
1531,147625,16.27,1
1532,147323,33.13,1
1533,147579,65.31,1
1534,44291,350.96,1
1535,5717,327.32,1
1536,1034,107.75,1
1537,2629,216.07,1
1538,147576,1254.05,1
1539,9876,0.11,1
1540,1959,259.49,1
1541,7100,117.25,1
1542,3379,0.35,1
1543,916,339.05,1
1544,1215,1542.71,1
1545,147291,11.37,1
1546,5502,244.84,1
1547,12385,139.68,1
1548,10299,22.83,1
1549,144912,37.73,1
1550,4958,1449.23,1
1551,147715,280.01,1
1552,985,57.79,1
1553,4751,0.25,1
1554,1063,1867.34,1
1555,147159,2.7,1
1556,19178,27.17,1
1557,147737,521.14,1
1558,147755,569.01,1
1561,2764,36.55,1
1562,145672,1811.26,1
1563,1598,65.7,1
1564,147804,301.09,1
1565,145747,37.1,1
1566,5382,569.27,1
1567,8059,4.34,1
1568,9746,317.7,1
1569,3366,188.61,1
1570,16632,862.43,1
1571,4972,48.22,1
1572,145730,1962.45,1
1573,147906,460.19,1
1574,147733,599.62,1
1575,147991,38.5,1
1576,13474,71.21,1
1577,147666,8.92,1
1579,900,283.33,1
1580,147083,1712.26,1
1581,19665,452.24,1
1582,2501,145.05,1
1583,146990,168.52,1
1584,148049,249.71,1
1585,8855,2046.07,1
1586,148053,0.73,1
1587,146578,632.42,1
1588,2170,3.3,1
1589,147801,30.95,1
1590,6871,14.23,1
1591,147643,88.07,1
1592,148646,389.99,1
1593,148094,305.84,1
1594,147763,240,1
1595,148128,72.79,1
1596,148126,431.75,1
1597,3864,469.22,1
1598,145502,1503.29,1
1599,1994,216.19,1
1600,147959,510.5,1
1601,3908,13.31,1
1602,148194,856.14,1
1603,148134,788.32,1
1604,148228,2.7,1
1605,148257,1969.82,1
1606,148263,333.35,1
1607,148272,1124.05,1
1608,148280,24.3,1
1609,147903,659.67,1
1610,147346,106.38,1
1611,147676,553.93,1
1612,148326,839.12,1
1613,1494,201.94,1
1614,3643,2085.24,1
1615,148346,562.72,1
1616,148339,81.68,1
1617,145386,412.34,1
1618,148344,69.86,1
1619,148356,59.1,1
1620,148265,1205.21,1
1621,3980,12.15,1
1622,147884,294.98,1
1623,5075,575.24,1
1624,148330,613.44,1
1625,147568,0.95,1
1626,148412,50.69,1
1627,143305,37.16,1
1628,148420,57.81,1
1629,148109,354.71,1
1630,148455,418.29,1
1631,147876,703.22,1
1632,137893,756.38,1
1633,148488,883,1
1634,148497,1504.05,1
1635,148467,490.02,1
1636,148531,236.06,1
1637,147385,952.58,1
1638,134788,55.09,1
1639,148486,290.26,1
1640,148222,1558,1
1641,148584,494.6,1
1642,148527,1286.98,1
1643,2591,1674.25,1
1645,148618,19.83,1
1646,148643,116.91,1
1647,148685,37.68,1
1648,148669,246.69,1
1649,145873,1729.74,1
1650,148712,0.63,1
1651,148297,65.19,1
1652,148715,546.62,1
1653,148758,34.5,1
1654,148002,403.04,1
1655,58007,159.67,1
1656,148778,79.48,1
1657,148089,5.56,1
1658,148667,1370.9,1
1659,6410,78.79,1
1660,148787,132.97,1
1661,148793,1350.34,1
1663,148812,21.17,1
1665,148837,1053.96,1
1666,148854,5.7,1
1667,3272,139.34,1
1668,148411,274.37,1
1669,148882,17.4,1
1670,55709,0.08,1
1671,148901,1524.22,1
1672,148577,80.82,1
1674,148919,88.3,1
1675,148927,625.08,1
1676,148933,1039.56,1
1677,148559,921.51,1
1678,149027,3.8,1
1679,148785,1440.69,1
1680,149038,141.41,1
1681,149044,204.06,1
1682,148948,292.44,1
1683,148777,116.35,1
1684,75080,364.59,1
1685,146049,220.87,1
1686,149023,169.09,1
1687,149131,387.22,1
1688,149037,51.64,1
1690,6165,98.75,1
1691,149253,22.73,1
1692,149122,623.76,1
1693,149260,422.13,1
1694,149303,647.9,1
1695,2157,4.47,1
1696,148886,1881.92,1
1697,21569,1147.34,1
1698,149404,532.36,1
1700,149474,239.02,1
1701,13463,48.26,1
1702,149515,77.45,1
1703,149566,1002.71,1
1704,6330,421.88,1
1705,149569,16.18,1
1706,149577,680.83,1
1707,149455,352.79,1
1708,149584,344.93,1
1709,149591,874.05,1
1710,146909,139.75,1
1711,21633,205.26,1
1712,149494,1429.05,1
1713,145285,1885.13,1
1714,149548,394.38,1
1715,149690,126.78,1
1716,37017,228.14,1
1717,149770,547.87,1
1718,149195,824.34,1
1719,149815,829.72,1
1720,149636,95.58,1
1721,149849,119.85,1
1722,149633,230.92,1
1725,148601,0.3,1
1726,149402,509.3,1
1727,146185,44.34,1
1728,149903,311.11,1
1729,147338,1507.5,1
1730,149951,275.84,1
1731,149960,460.69,1
1732,148103,321.17,1
1733,150061,2558,1
1734,150064,845.02,1
1735,143923,0.35,1
1736,150076,27.01,1
1737,150052,106.12,1
1738,71149,1055.76,1
1739,150094,33.17,1
1740,149610,200.84,1
1741,10744,14.55,1
1742,147437,715.17,1
1743,150158,0.12,1
1744,149123,49.17,1
1745,149290,6.85,1
1746,149546,8.71,1
1747,149361,108.52,1
1748,150288,105.82,1
1749,149109,366.5,1
1750,7101,680.78,1
1751,149844,26,1
1752,146906,9.83,1
1753,150462,6.9,1
1754,22533,529.53,1
1756,147441,34.57,1
1757,150733,111.55,1
1758,150757,356.69,1
1759,150851,74.45,1
1760,150854,679.34,1
1761,150147,114.26,1
1762,150861,444.34,1
1763,3364,380.44,1
1764,150864,408.99,1
1765,150890,1075.34,1
1766,150059,400.67,1
1768,150582,905.28,1
1769,137389,598.31,1
1770,150981,176.56,1
1771,151082,1.6,1
1772,18692,243.11,1
1773,151153,100.2,1
1774,151171,218.76,1
1775,150015,62.18,1
1776,151188,657.48,1
1777,150127,16.62,1
1778,149763,1111.62,1
1779,6762,494.88,1
1780,151287,3.97,1
1781,151321,16.48,1
1782,71758,101.9,1
1783,146498,1200.83,1
1785,149500,814.01,1
1786,151494,0.2,1
1787,151559,13.65,1
1788,150090,910.22,1
1789,151574,7.12,1
1790,149617,214.39,1
1791,151643,450.81,1
1792,145867,197.89,1
1794,151765,950.4,1
1795,151779,102.1,1
1796,151638,437.35,1
1797,151313,662.93,1
1798,151849,530.52,1
1800,804,514.06,1
1801,151952,24.12,1
1802,151953,682.59,1
1803,151962,371.32,1
1804,151950,438.7,1
1805,150819,1012.7,1
1806,151988,241.13,1
1807,151879,518.1,1
1808,152033,54.4,1
1809,151811,652.25,1
1810,150053,117.31,1
1811,3936,299.79,1
1812,152123,1844.02,1
1813,152141,221.5,1
1814,152140,77.25,1
1815,152253,355.29,1
1816,152265,2077.55,1
1817,151620,466.62,1
1818,152285,1827.5,1
1819,152267,317.07,1
1820,151981,964.77,1
1821,152109,1019.91,1
1822,9305,1008.91,1
1823,152353,710.19,1
1824,152082,37.23,1
1825,151783,298.79,1
1826,152402,211.56,1
1827,152421,64.76,1
1828,150269,207.45,1
1829,147258,1454.29,1
1830,151418,0.28,1
1831,152369,420.81,1
1832,152336,326.49,1
1833,152601,307.05,1
1834,152611,1288,1
1835,5424,14.4,1
1836,152346,456.15,1
1837,152659,888.01,1
1838,152533,105.93,1
1839,152692,1328.55,1
1840,152006,31,1
1841,151892,73.15,1
1842,151886,1188.72,1
1843,149197,67.71,1
1844,151759,475.17,1
1845,152825,26.32,1
1846,152826,0.12,1
1847,152232,420.41,1
1848,152884,333.2,1
1849,152979,593.82,1
1850,152969,398.14,1
1851,152999,658.01,1
1852,152811,1030.28,1
1853,148814,179.99,1
1854,152766,228.57,1
1855,152855,238.48,1
1856,152068,78.62,1
1857,152249,48.47,1
1858,149547,263.91,1
1860,153223,1326.68,1
1861,153229,178.55,1
1862,149950,399.86,1
1863,153255,1329.46,1
1864,152472,2261.84,1
1865,153091,675.25,1
1866,153351,832.51,1
1867,153103,737.12,1
1869,153379,0.98,1
1870,152429,1187.01,1
1871,153388,79.75,1
1872,14714,238.1,1
1873,151402,335.23,1
1874,153478,488.78,1
1875,152978,177.65,1
1876,149241,755.24,1
1877,153558,1870.84,1
1878,153526,949.75,1
1879,153773,198.66,1
1880,153050,946.63,1
1881,8591,148.59,1
1882,153885,299.35,1
1883,153934,373.16,1
1884,153956,201.84,1
1886,153974,231.35,1
1887,152896,108.77,1
1888,16043,245.63,1
1889,4132,502.38,1
1890,153938,323.06,1
1891,154108,150.53,1
1892,154128,29.75,1
1893,154133,130.74,1
1894,154171,887.1,1
1895,152502,197.3,1
1896,154181,1424.2,1
1897,153741,705.82,1
1898,14735,387.71,1
1899,2930,265.79,1
1900,154143,211.2,1
1901,153953,989.88,1
1902,154320,274.71,1
1903,154378,638.63,1
1904,13073,1211.17,1
1905,153987,775.3,1
1906,151709,917.6,1
1907,152360,107.69,1
1908,154458,532.1,1
1909,146608,695.58,1
1910,154491,523.1,1
1911,154509,643.18,1
1912,144208,79.18,1
1913,154674,252.57,1
1914,154600,415.22,1
1915,154508,360.96,1
1916,5744,119.47,1
1917,154821,1104.74,1
1918,152060,226.72,1
1919,154921,35.22,1
1920,154750,417.24,1
1921,154713,36.83,1
1922,155034,1058.54,1
1923,153700,194.98,1
1924,155035,351.16,1
1925,155087,11.42,1
1926,155073,178.07,1
1927,155096,309.78,1
1928,149064,1130.3,1
1929,25211,765.04,1
1930,7437,762.11,1
1931,155116,90.91,1
1932,154556,1383.58,1
1933,154092,962.97,1
1934,155280,288.46,1
1935,153574,301.21,1
1936,155456,878.14,1
1937,154853,512.78,1
1938,155459,436.78,1
1939,155462,687.28,1
1940,155301,185.67,1
1941,154995,259.18,1
1942,155628,5.85,1
1943,155621,1586.85,1
1944,155694,306.13,1
1945,155427,1388.74,1
1946,146613,2186.71,1
1947,155747,54.37,1
1948,154050,246.15,1
1949,12781,906.68,1
1950,153519,1902.18,1
1951,11325,444.31,1
1952,147183,315.46,1
1953,148939,2460.23,1
1954,155912,270.17,1
1955,155431,250.58,1
1956,155926,69.54,1
1957,20120,674.34,1
1958,25308,611.97,1
1959,155992,353.88,1
1960,151037,19.48,1
1961,155037,425.56,1
1963,156057,843.28,1
1964,156078,190.72,1
1965,156080,96.01,1
1966,156077,100.02,1
1967,14967,7.49,1
1968,1266,227.61,1
1969,156152,9.43,1
1970,7642,645.48,1
1971,151366,278.27,1
1972,156171,154.95,1
1973,156159,574.47,1
1974,13804,0.18,1
1975,156180,19.18,1
1976,156182,172.95,1
1977,156191,39.43,1
1978,155444,484.18,1
1979,153971,4.91,1
1980,156194,5.82,1
1981,156042,641.63,1
1982,154046,571.18,1
1983,154656,345.2,1
1984,156206,1348.97,1
1985,149125,926.82,1
1986,156218,580.92,1
1987,1212,42.01,1
1988,156219,914.35,1
1989,144426,615.8,1
1990,156184,657.45,1
1991,156240,125.61,1
1992,155924,750,1
1993,156251,153.07,1
1994,156253,397.47,1
1995,156257,795.1,1
1996,156231,394.82,1
1997,6548,2072.5,1
1998,143958,41.95,1
1999,21793,19.57,1
2000,156276,215.33,1
2001,115657,524.52,1
2002,156226,129.37,1
2003,156271,121.76,1
2004,151197,5.8,1
2005,156293,177.34,1
2006,156296,26.57,1
2007,155987,159.82,1
2008,156318,14.71,1
2009,156319,365.23,1
2010,156323,2.1,1
2011,156324,1417.86,1
2012,156325,42.87,1
2013,147388,181.53,1
2014,155816,0.07,1
2015,148670,107.78,1
2016,156343,139.41,1
2017,156348,614.46,1
2018,102023,995.94,1
2019,2851,502.09,1
2020,156360,465.17,1
2021,156362,102.54,1
2022,151829,87.69,1
2023,156388,322.41,1
2024,156389,103.57,1
2025,32973,36.62,1
2026,151428,329.15,1
2027,156399,759.35,1
2028,156400,53.5,1
2029,149554,109.89,1
2030,156407,532.34,1
2031,156409,41.45,1
2032,148372,155.56,1
2033,156417,474.3,1
2034,150664,35.56,1
2035,150678,311.36,1
2036,29303,1220.86,1
2037,156431,25.12,1
2038,156406,848.27,1
2039,156439,46.97,1
2040,4336,947.94,1
2041,156344,681.76,1
2042,147200,440.94,1
2043,103625,65.81,1
2044,145569,647.22,1
2045,152970,664,1
2046,156464,181.88,1
2047,153509,1740.46,1
2048,156132,23.87,1
2049,9812,1289.01,1
2050,156428,337.14,1
2051,152174,127.38,1
2052,2477,54.48,1
2053,5321,888.5,1
2054,63369,88.7,1
2055,156291,161.15,1
2056,98559,415.08,1
2057,150663,734.94,1
2058,156482,460.35,1
2059,154576,419.91,1
2060,24434,16.9,1
2061,156487,250.81,1
2062,155805,63.07,1
2063,156467,11.29,1
2064,25047,93.54,1
2065,111107,821.59,1
2066,149135,552.77,1
2067,156391,155.32,1
2068,155918,509.06,1
2069,156498,659.53,1
2070,153931,661.85,1
2071,156501,6.22,1
2072,139185,14.83,1
2073,12809,56.14,1
2074,156444,23.26,1
2075,156504,189.4,1
2076,147269,335.49,1
2077,155466,505.04,1
2078,156250,154.86,1
2079,156241,944.39,1
2080,156512,246.5,1
2081,156510,150.07,1
2082,156519,405.88,1
2083,155961,38.9,1
2084,40867,22.54,1
2085,149049,162.44,1
2086,147993,762.74,1
2087,156534,1311.17,1
2088,156541,252.81,1
2089,156543,70.25,1
2090,156549,88.17,1
2091,156551,12.22,1
2092,155741,300.64,1
2093,156561,434.56,1
2094,156564,30.07,1
2095,156568,4.25,1
2096,155845,232.26,1
2097,156584,259.03,1
2098,156588,40.52,1
2099,156592,378.28,1
2100,156484,1029.3,1
2101,156605,80.63,1
2102,156607,70.83,1
2103,156612,157.79,1
2104,156427,502.03,1
2105,156547,876.28,1
2106,156619,9.98,1
2107,156631,197.17,1
2109,12033,12.93,1
2111,156647,1322.19,1
2112,156649,69.03,1
2113,7649,149.05,1
2114,156656,829.48,1
2115,101613,416.36,1
2116,156661,1.52,1
2117,52866,22.78,1
2118,155897,97.67,1
2119,148996,74.09,1
2120,86013,5.52,1
2121,156587,136.3,1
2122,156674,525.89,1
2123,155973,635.01,1
2124,147305,54.95,1
2125,156680,289.67,1
2126,1875,848.48,1
2127,156610,839.17,1
2128,156686,932.75,1
2129,156687,72.38,1
2130,156691,178.4,1
2131,156693,299.12,1
2132,156608,422.48,1
2133,156604,0.83,1
2134,156211,149.76,1
2135,156695,950.02,1
2136,149812,2035.32,1
2137,156694,514.76,1
2138,156703,153.53,1
2139,7197,617.82,1
2140,151663,170.24,1
2141,41336,471.06,1
2142,153895,261.14,1
2143,156719,168.42,1
2144,156716,527.72,1
2145,156725,139.38,1
2146,148817,1022.77,1
2147,145254,408.34,1
2148,154559,62.87,1
2149,148054,1271.82,1
2150,12473,143.57,1
2151,156461,698.66,1
2152,144682,436.05,1
2153,156743,124.52,1
2154,156582,189.6,1
2155,17317,6.33,1
2156,156748,335.44,1
2157,156708,20.15,1
2158,156752,121.02,1
2159,156753,74.62,1
2160,156757,496.36,1
2161,156760,162.06,1
2162,156770,64.93,1
2163,156772,121.06,1
2164,156774,68.77,1
2165,156775,451.88,1
2166,156777,0.12,1
2167,156274,29.02,1
2168,156778,123.58,1
2169,156441,311.6,1
2170,156780,0.07,1
2171,156787,201.49,1
2172,15416,5.65,1
2173,156822,216.75,1
2174,153762,580.77,1
2175,156831,816.58,1
2176,156843,465.71,1
2177,156446,415.78,1
2178,152551,42.15,1
2179,156494,2.73,1
2180,147142,359.01,1
2181,156844,652.76,1
2182,156901,136.39,1
2184,156521,274.21,1
2185,19900,54.52,1
2186,156975,39.4,1
2187,156845,984.98,1
2188,149946,250.33,1
2189,156996,2593.61,1
2190,156931,262.99,1
2191,149887,554.94,1
2192,156167,880.03,1
2193,157012,114.75,1
2194,11802,0.13,1
2195,154460,0.05,1
2196,156841,328.68,1
2197,156727,70.44,1
2198,156838,66.14,1
2199,157115,2446.62,1
2200,156905,352.13,1
2201,157118,190.33,1
2202,156234,234.74,1
2203,157134,163.94,1
2204,157184,132.49,1
2205,157039,324.61,1
2206,157198,232.96,1
2207,157202,147.76,1
2208,221,469.06,1
2209,156966,351.93,1
2210,157218,440.81,1
2211,157232,632.93,1
2212,156908,254.91,1
2213,157248,426.31,1
2214,157272,13.14,1
2215,157285,111.87,1
2216,156896,1257.48,1
2217,157146,91.62,1
2218,157277,1187.91,1
2219,157334,589.82,1
2220,157306,63.8,1
2221,157360,357.74,1
2222,153726,345.02,1
2223,157419,274.71,1
2224,4097,0.07,1
2225,1211,615.1,1
2226,157377,107.56,1
2227,157476,446.64,1
2228,157525,2.62,1
2229,13132,451.04,1
2230,157313,178.4,1
2231,157526,57.03,1
2232,157536,21.97,1
2233,155494,194.11,1
2234,146052,462.4,1
2235,154300,228.61,1
2236,157578,62.05,1
2237,19124,502.43,1
2238,157600,120,1
2239,153897,7.92,1
2240,157465,234.17,1
2241,157423,341.96,1
2243,157686,41.13,1
2244,157642,286.54,1
2245,146149,371.68,1
2246,157653,70.91,1
2247,157722,194.05,1
2248,157777,236.57,1
2249,157786,178.01,1
2250,5649,208.67,1
2251,157816,903.9,1
2252,157841,211.62,1
2253,157853,435.79,1
2254,157905,413.44,1
2255,157914,15.57,1
2256,155744,141.74,1
2257,157916,67.57,1
2258,157911,466.42,1
2259,157904,615.25,1
2260,157974,77.09,1
2261,157971,905.2,1
2262,157977,174.03,1
2263,155712,26.26,1
2264,157915,52.88,1
2265,157989,84.19,1
2266,157988,237.61,1
2267,157997,516.36,1
2268,6313,485.37,1
2269,38977,245.06,1
2270,158031,27.7,1
2271,148329,433.81,1
2272,158038,540.15,1
2273,157933,332.1,1
2274,158054,346.49,1
2275,157698,502.48,1
2276,59292,48.39,1
2277,158104,176.07,1
2278,158119,59.4,1
2279,151156,659.41,1
2280,158105,47.35,1
2281,157913,19.37,1
2282,149892,204.6,1
2283,149652,532.2,1
2284,158179,448.95,1
2285,9435,193.16,1
2286,158205,275.26,1
2287,5380,0.87,1
2288,1271,40.54,1
2289,6408,100.11,1
2290,158336,102.08,1
2291,146480,168.81,1
2292,158376,174.65,1
2293,158045,139.23,1
2294,4745,56.3,1
2295,158413,19.6,1
2296,158260,132.94,1
2297,158272,214.21,1
2298,3367,101.93,1
2299,158466,111.17,1
2300,145212,105.85,1
2301,158482,0.45,1
2302,144638,39.57,1
2303,158706,3.02,1
2304,157934,64.49,1
