student_id,minutes_watched,paid_in_q2
862,166.74,1
5515,6.99,1
2060,22.50,1
1064,66.85,1
1210,4.40,1
2385,10.58,1
1434,23.67,1
2222,2.45,1
2986,520.96,1
3292,57.95,1
9178,268.60,1
115084,1.13,1
10299,209.99,1
14649,51.06,1
148257,14.48,1
3643,559.30,1
148346,210.45,1
147884,13.80,1
148109,7.48,1
3598,133.90,1
841,324.74,1
5836,643.55,1
148577,22.67,1
148825,1100.74,1
148927,110.08,1
27104,187.67,1
149038,6.37,1
2417,13.13,1
75080,6.62,1
149023,14.92,1
149131,12.14,1
3631,6.78,1
6165,45.19,1
8600,18.47,1
5340,224.70,1
7495,57.15,1
6278,1206.44,1
2409,57.35,1
7179,4.77,1
3780,141.04,1
2236,9.12,1
2284,2.22,1
2636,112.01,1
15345,0.05,1
11800,32.62,1
7294,21.21,1
3420,78.91,1
7358,9.30,1
149584,2.62,1
149591,7.62,1
8452,64.55,1
4629,234.48,1
37017,2.60,1
7540,325.05,1
11215,41.49,1
16414,55.34,1
149195,1474.86,1
149849,133.58,1
2073,467.52,1
9108,2.17,1
6560,0.47,1
3916,61.57,1
838,348.30,1
149960,47.88,1
11996,0.10,1
7037,2.20,1
12704,12.58,1
1864,301.22,1
1852,218.23,1
2945,54.92,1
149361,2.00,1
988,144.79,1
150265,556.22,1
4320,33.71,1
4162,16.17,1
1382,0.33,1
136313,1.20,1
3070,542.95,1
969,584.58,1
11711,19.85,1
17419,702.64,1
32560,5.20,1
702,1.60,1
2091,397.03,1
7178,20.25,1
2114,78.19,1
16832,10.72,1
15334,19.90,1
24423,236.04,1
11124,50.77,1
4558,163.42,1
150949,2063.13,1
2018,161.69,1
5884,99.28,1
37860,752.52,1
10938,7.27,1
12279,200.91,1
2506,14.18,1
1355,18.06,1
8133,164.42,1
14217,0.77,1
1605,25.00,1
3817,1140.05,1
1308,0.35,1
3511,7.48,1
150090,589.05,1
1641,1.87,1
151694,863.05,1
10131,76.16,1
151313,70.46,1
151861,4.50,1
151404,50.81,1
152140,30.75,1
152285,12.84,1
152267,0.07,1
152109,391.39,1
14633,2.87,1
2014,114.67,1
151418,35.77,1
152692,162.10,1
151892,96.37,1
151759,7.82,1
152825,0.32,1
149547,35.58,1
152472,2.15,1
153351,170.31,1
153103,472.25,1
7439,2131.41,1
9188,11.93,1
149241,590.93,1
13114,18.50,1
152896,579.01,1
153938,95.53,1
153741,211.20,1
154378,70.55,1
154458,1.90,1
154509,13.25,1
154674,578.85,1
154556,31.78,1
154092,600.84,1
155280,80.75,1
155628,434.93,1
155427,134.32,1
11325,10.42,1
148939,661.31,1
143701,647.46,1
14967,0.42,1
151366,19.66,1
156159,28.92,1
156182,704.51,1
155444,407.00,1
156042,0.45,1
156206,1738.27,1
144426,5.24,1
156184,13.62,1
156240,1465.20,1
155924,123.99,1
156276,382.34,1
156293,169.81,1
156296,153.99,1
156343,51.86,1
156356,32.40,1
2851,401.55,1
8156,8.92,1
156388,32.50,1
32973,1.18,1
156399,8.62,1
149554,1.18,1
156407,1176.39,1
156409,667.97,1
148372,69.64,1
9305,174.72,1
156429,76.17,1
156439,55.30,1
13707,91.33,1
4336,723.45,1
156344,170.44,1
147200,42.07,1
103625,13.25,1
145569,3.49,1
152970,229.12,1
156132,20.88,1
156428,117.92,1
152174,23.07,1
5321,1966.61,1
63369,58.07,1
150663,221.28,1
155805,149.38,1
25047,295.41,1
156391,36.60,1
4739,2504.52,1
156498,466.72,1
156501,21.53,1
156241,23.97,1
156510,83.95,1
40867,119.69,1
147993,544.64,1
156534,423.91,1
156541,121.17,1
156549,0.37,1
16052,58.65,1
5010,617.90,1
155741,41.63,1
4778,36.94,1
156484,116.88,1
156615,27.75,1
147687,1054.12,1
149576,4494.42,1
156647,1033.01,1
156649,2274.22,1
7649,7.12,1
148996,21.67,1
616,116.02,1
156587,217.08,1
156680,19.12,1
156610,404.77,1
156693,335.38,1
156608,17.70,1
149812,0.23,1
156696,12.78,1
156694,5.80,1
156703,11.98,1
151663,31.57,1
41336,992.13,1
153895,0.05,1
148817,4.17,1
144682,226.14,1
17317,1.00,1
156760,0.20,1
156770,218.87,1
156774,0.30,1
156776,1558.33,1
16833,405.25,1
59138,416.63,1
156780,93.53,1
156787,59.13,1
3188,35.15,1
156831,271.57,1
147142,35.97,1
156521,293.76,1
156845,504.96,1
156996,20.62,1
156841,0.13,1
157171,43.83,1
157198,2201.84,1
157218,7.10,1
156099,5.68,1
2866,6.48,1
157285,165.25,1
157277,696.32,1
153726,34.22,1
157476,147.85,1
153897,20.00,1
146149,566.58,1
157853,4.57,1
157882,54.84,1
157992,916.28,1
158038,50.77,1
146625,9.10,1
157698,275.88,1
158104,0.22,1
4829,137.69,1
158049,416.71,1
149652,644.66,1
158205,33.58,1
158336,378.75,1
5579,2.08,1
157934,24.06,1
158250,40.77,1
5076,5.58,1
10685,74.86,1
1530,4.73,1
159105,17.09,1
159022,111.69,1
158529,329.31,1
7382,49.61,1
159172,5.43,1
159353,146.17,1
159370,6464.82,1
1780,0.65,1
159336,501.23,1
159057,34.35,1
3080,77.47,1
159904,11.68,1
160051,15.44,1
159987,240.97,1
160493,3.18,1
5111,34.85,1
160595,675.06,1
4640,292.99,1
160677,73.80,1
161132,23.17,1
147992,2.95,1
153036,55.62,1
161173,319.89,1
161200,11.12,1
161209,23.92,1
12915,17.62,1
161210,805.45,1
147005,262.34,1
148628,241.28,1
161227,83.90,1
14765,1.37,1
153953,226.49,1
161241,26.92,1
160528,714.02,1
152138,147.23,1
1619,1490.75,1
156702,10.33,1
161288,366.39,1
12807,45.59,1
144561,36.65,1
19124,1366.41,1
118426,0.28,1
8018,432.52,1
44965,319.33,1
161380,2880.11,1
161395,19.44,1
159457,917.81,1
161397,16.83,1
161338,210.12,1
74005,183.31,1
161426,239.79,1
11717,17.67,1
161070,96.20,1
149892,1.83,1
43604,4.97,1
161474,40.27,1
161475,372.27,1
2324,8.58,1
161483,40.50,1
161485,183.34,1
161060,321.71,1
149323,172.71,1
149366,7.33,1
92449,13.39,1
160536,22.20,1
4059,163.52,1
161515,34.45,1
153235,423.15,1
161527,24.77,1
161108,19.52,1
144239,96.67,1
8954,7.38,1
161539,0.17,1
145561,176.34,1
161572,274.31,1
157594,248.87,1
6053,986.14,1
158179,442.56,1
161626,233.29,1
161632,3.38,1
161640,599.43,1
161650,12.23,1
9372,301.91,1
917,5.67,1
143561,1767.35,1
160452,0.50,1
161002,28.98,1
161703,230.52,1
161716,1043.96,1
74498,163.86,1
160462,75.15,1
161887,187.99,1
13620,143.86,1
161899,584.49,1
161870,175.92,1
20710,2222.03,1
4266,121.10,1
161900,422.99,1
162284,252.22,1
1085,82.97,1
163108,70.47,1
163452,19.73,1
164222,369.93,1
163883,10.77,1
43915,172.17,1
164701,32.90,1
164904,15.62,1
1362,13.51,1
6164,184.83,1
2295,40.02,1
1661,5.18,1
165364,2.83,1
14382,51.20,1
165433,195.90,1
163676,4243.94,1
165480,341.86,1
165557,34.58,1
164496,0.05,1
164430,61.60,1
4080,813.49,1
3195,354.32,1
8425,7.86,1
12330,71.55,1
4371,63.56,1
165950,8.65,1
165285,1583.35,1
160705,35.43,1
3256,360.45,1
166070,843.53,1
9409,791.60,1
164997,5.15,1
1742,264.89,1
156342,77.50,1
166217,13.72,1
4723,596.71,1
166461,18.47,1
14700,1325.42,1
2764,2.67,1
165187,45.22,1
166652,38.83,1
2495,125.35,1
4404,185.36,1
159875,32.68,1
13538,140.21,1
166509,50.80,1
146990,11.82,1
166842,86.81,1
166907,166.77,1
167091,12.12,1
167073,10.45,1
167295,422.49,1
167602,0.93,1
11345,40.96,1
3524,58.79,1
168253,1.72,1
1188,13.02,1
166626,17.31,1
13180,107.44,1
3146,0.35,1
2110,4.31,1
170586,1373.90,1
16054,16.62,1
170942,23.07,1
170997,212.57,1
168777,62.58,1
164280,8.70,1
171001,5.78,1
171006,121.23,1
171011,174.63,1
171032,536.21,1
171057,302.71,1
171151,32.84,1
5323,167.90,1
162502,42.00,1
171176,3.40,1
147956,2288.99,1
171243,26.30,1
171263,0.45,1
12532,481.91,1
3652,20.87,1
171275,4.72,1
148467,142.62,1
171292,4.17,1
23403,2.07,1
15478,62.06,1
158646,10.68,1
167554,3.55,1
171302,13.55,1
171313,1449.69,1
1215,3.03,1
170706,1.75,1
171342,375.26,1
171187,14.02,1
170845,11.63,1
171402,0.42,1
159621,167.67,1
171407,37.20,1
171411,23.99,1
146401,75.48,1
171349,299.34,1
171439,29.77,1
171448,350.07,1
171296,8.07,1
163248,38.97,1
4176,37.17,1
166145,533.24,1
171476,18.22,1
171479,224.37,1
156467,1546.01,1
171232,114.04,1
143709,1462.20,1
171523,680.06,1
4577,0.12,1
171585,49.57,1
171586,88.68,1
1669,52.38,1
171519,435.81,1
140223,17.27,1
170879,1262.84,1
171645,15.82,1
168223,75.85,1
908,0.92,1
2824,18.72,1
171832,9.67,1
171922,0.83,1
144348,473.49,1
8223,12.22,1
171693,534.01,1
172092,0.80,1
161580,354.31,1
171942,1545.56,1
171827,284.01,1
172219,29.25,1
172289,388.41,1
172256,15.98,1
172357,347.53,1
172424,276.89,1
172443,51.54,1
172187,72.20,1
172349,65.15,1
172127,734.57,1
172619,1171.33,1
172692,22.83,1
7620,41.42,1
172962,77.90,1
172792,429.66,1
173018,55.63,1
172535,604.27,1
171738,772.26,1
6159,253.13,1
7975,506.96,1
2218,50.65,1
218045,22.38,1
39563,599.23,1
230336,21.17,1
7474,2.72,1
5080,551.50,1
149042,438.50,1
235095,1566.49,1
8412,44.74,1
227678,772.90,1
249195,134.58,1
2431,0.85,1
1678,92.92,1
161935,0.07,1
42751,55.48,1
8030,26.03,1
230326,528.61,1
171405,46.97,1
247871,81.65,1
253522,30.14,1
181501,6.17,1
186375,2.45,1
238018,51.55,1
172160,32.68,1
215310,28.55,1
216478,291.98,1
249247,80.76,1
232006,2.45,1
185848,994.29,1
173236,28.13,1
2731,468.68,1
235442,119.99,1
199192,572.89,1
243951,5.33,1
183370,4.50,1
217852,308.21,1
175768,19.25,1
252812,211.33,1
172701,105.01,1
192293,465.01,1
223510,33.00,1
253589,95.87,1
249494,61.74,1
170014,34.17,1
165026,434.54,1
3577,329.89,1
163144,20.95,1
210367,133.15,1
229073,8.91,1
213312,229.00,1
243847,528.14,1
182356,349.61,1
242876,7.25,1
232898,469.56,1
156887,99.79,1
176858,8.82,1
234596,773.77,1
206242,247.79,1
250386,75.84,1
150823,34.85,1
253682,493.31,1
247102,48.12,1
182533,709.24,1
1543,9.28,1
229699,388.66,1
227645,33.53,1
2274,3.72,1
3987,0.90,1
2112,876.18,1
3406,16.73,1
253574,1176.13,1
250255,24.30,1
240822,28.00,1
172126,0.44,1
178487,12.35,1
154143,17.47,1
172823,64.72,1
222007,59.38,1
253149,10.27,1
96731,1.52,1
253823,1089.60,1
253827,968.83,1
253829,2229.75,1
207203,0.28,1
179776,66.25,1
237385,9.75,1
174213,44.87,1
14383,52.18,1
253896,1027.01,1
250351,153.85,1
200261,17.58,1
218048,2934.38,1
253909,29.47,1
18314,2.10,1
2591,89.68,1
153930,2.33,1
240444,0.42,1
249258,0.28,1
153765,1021.64,1
179203,2255.89,1
232908,122.84,1
231588,445.40,1
253941,71.61,1
253766,4.22,1
251728,8.05,1
253948,83.67,1
235023,34.72,1
161480,3.68,1
1200,329.41,1
253975,521.85,1
1652,1032.86,1
6890,62.31,1
172948,2.83,1
230179,4.58,1
231080,293.86,1
156728,93.42,1
8431,311.39,1
156542,45.53,1
170905,176.32,1
181800,362.10,1
254057,160.11,1
200231,906.88,1
197196,162.88,1
183419,452.97,1
57431,841.33,1
225789,442.56,1
227387,588.05,1
154291,360.00,1
7008,1.38,1
227711,1029.87,1
2398,368.53,1
184136,92.99,1
250466,0.22,1
223701,4.07,1
162077,435.43,1
254088,260.52,1
177134,21.80,1
254117,136.62,1
234600,85.20,1
7421,41.88,1
254127,915.25,1
59323,784.04,1
254129,442.79,1
249318,143.81,1
254136,56.86,1
215796,46.83,1
253788,49.75,1
208957,180.36,1
204419,814.11,1
251612,250.57,1
193484,78.42,1
3338,209.25,1
176209,11.03,1
89036,60.30,1
235274,345.52,1
254199,747.47,1
188691,137.70,1
172986,77.30,1
254227,16.95,1
190803,978.53,1
182248,306.59,1
196681,543.09,1
182636,175.40,1
254247,70.07,1
182414,38.02,1
254261,0.45,1
6805,45.26,1
175975,101.73,1
1235,35.98,1
11793,10.48,1
234748,280.92,1
254289,55.10,1
176192,53.46,1
254310,1317.84,1
254329,189.74,1
239003,287.38,1
254353,54.37,1
240294,120.63,1
254372,35.65,1
244342,200.90,1
179118,118.14,1
252339,2260.80,1
207270,90.30,1
254389,38.18,1
204773,391.80,1
235996,370.50,1
78822,2.67,1
254397,21.58,1
236455,146.17,1
4908,92.43,1
217601,349.80,1
239552,40.44,1
226611,62.87,1
181002,12.65,1
8840,417.15,1
250115,352.89,1
224276,43.26,1
253338,65.37,1
254432,4.55,1
5583,947.93,1
218699,373.52,1
253225,3.28,1
224426,69.30,1
107588,168.63,1
156941,21.28,1
226465,0.20,1
198179,570.30,1
221756,73.76,1
254450,30.02,1
237081,480.50,1
246846,11.32,1
1221,227.29,1
254301,31.97,1
254378,274.41,1
152241,141.48,1
1883,2.67,1
6070,5.78,1
254465,215.17,1
254459,44.96,1
254466,130.59,1
254467,494.97,1
254469,92.42,1
228416,16.28,1
254478,119.59,1
254479,36.10,1
4303,12.28,1
251554,39.86,1
161785,50.88,1
156645,21.43,1
174738,62.45,1
250694,489.73,1
247618,580.99,1
254505,48.74,1
238234,25.94,1
166380,709.93,1
219488,1399.18,1
233857,24.62,1
254526,32.69,1
12284,423.01,1
254529,7.70,1
254527,42.85,1
238315,545.22,1
106235,57.68,1
192269,196.92,1
197505,719.44,1
216409,155.61,1
253303,19.63,1
254550,5.72,1
254553,1148.95,1
157360,283.81,1
216760,1.07,1
172814,562.79,1
254569,39.67,1
185462,150.70,1
254571,232.64,1
245078,55.65,1
235735,534.16,1
254596,92.95,1
171339,535.29,1
254603,60.90,1
185359,0.32,1
37901,15.40,1
203950,15.53,1
220799,41.42,1
227874,395.86,1
254635,38.23,1
235980,119.80,1
180277,41.90,1
254601,386.55,1
172218,154.38,1
254170,249.21,1
252008,927.17,1
254653,371.70,1
254651,0.10,1
176870,85.13,1
254658,0.25,1
5143,43.40,1
243618,288.21,1
244048,753.41,1
187880,155.48,1
233911,17.20,1
184717,260.28,1
214994,86.95,1
242205,551.90,1
187392,186.60,1
254681,18.47,1
151021,64.46,1
2954,163.11,1
188507,225.76,1
254693,1066.27,1
219004,63.68,1
254697,1192.95,1
194507,1316.04,1
2359,0.15,1
203177,34.50,1
177554,41.19,1
7086,250.00,1
219446,25.61,1
248154,42.38,1
198342,170.29,1
254713,1835.54,1
176531,656.26,1
6505,44.02,1
7412,61.19,1
201159,476.68,1
228952,74.13,1
254725,294.02,1
240248,443.97,1
1753,55.76,1
240610,67.42,1
254731,96.87,1
235486,29.27,1
250924,198.16,1
29960,120.03,1
190394,89.30,1
161496,688.06,1
185764,330.80,1
7524,36.52,1
241008,123.58,1
181805,278.32,1
254744,83.16,1
235155,35.74,1
254737,54.67,1
178303,46.95,1
3183,147.54,1
235,312.21,1
244937,37.21,1
254761,36.67,1
6787,315.16,1
16668,535.66,1
187084,75.00,1
15772,1110.20,1
228557,134.56,1
218026,4.50,1
254775,81.51,1
254776,282.68,1
254777,1.52,1
164310,161.98,1
235863,285.73,1
254791,164.67,1
246119,16.03,1
225936,0.07,1
254799,80.43,1
254798,44.03,1
144498,127.09,1
254813,601.66,1
254672,1.67,1
198868,3.13,1
177842,91.02,1
156894,22.90,1
229525,1087.25,1
254795,0.70,1
179007,207.21,1
162669,14.40,1
254759,336.59,1
5827,953.23,1
214434,0.83,1
171560,54.41,1
242229,111.63,1
244886,556.70,1
1517,70.35,1
24664,32.35,1
176577,78.11,1
175038,978.77,1
254832,0.05,1
225335,28.40,1
214569,97.82,1
254839,2.05,1
174650,15.22,1
230151,883.19,1
254842,84.72,1
243941,1103.01,1
227536,40.48,1
240583,7.57,1
219561,602.87,1
159873,1347.24,1
236361,456.71,1
246109,45.70,1
254852,1.50,1
17378,212.92,1
226169,802.77,1
254854,48.23,1
175978,125.66,1
254855,80.50,1
195309,21.42,1
189977,145.41,1
254860,289.70,1
252175,120.29,1
242790,52.46,1
254810,1.25,1
254868,97.11,1
254869,139.92,1
248879,12.25,1
212968,258.60,1
6408,267.66,1
254858,257.50,1
254874,0.20,1
152188,43.85,1
254872,48.89,1
254796,65.91,1
254878,7.59,1
184631,116.64,1
254882,11.47,1
1102,271.30,1
51495,45.69,1
173105,342.10,1
181219,1311.09,1
191038,210.07,1
215869,2.50,1
34172,91.55,1
147130,132.54,1
6885,509.80,1
143026,40.60,1
193998,12.54,1
198958,129.28,1
230140,608.88,1
7244,19.22,1
252053,1.92,1
3056,1.78,1
3478,0.60,1
7475,96.21,1
148755,210.10,1
22980,62.21,1
181083,225.71,1
7224,78.63,1
23781,41.37,1
254919,33.55,1
171425,15.26,1
5064,419.66,1
233619,1523.59,1
1522,125.88,1
35284,237.84,1
225990,6.80,1
219514,14.26,1
254558,757.53,1
237063,3.35,1
234364,50.48,1
230273,144.92,1
254886,9.60,1
254428,55.55,1
195067,153.96,1
234971,2.39,1
218862,6.58,1
196357,340.53,1
212936,123.79,1
254931,239.85,1
211139,483.37,1
209256,605.73,1
149601,111.47,1
254935,12.70,1
171210,50.53,1
249503,1428.18,1
222899,1.15,1
185208,1019.34,1
242454,841.86,1
254941,136.48,1
247869,0.33,1
235168,396.71,1
254914,1020.10,1
1863,38.16,1
254929,833.84,1
181545,64.18,1
193565,46.97,1
233060,28.77,1
241407,2.37,1
138559,22.28,1
178655,272.85,1
239289,12.53,1
254958,512.74,1
245829,118.38,1
158659,84.86,1
59568,176.56,1
10690,83.77,1
21449,168.62,1
211603,545.95,1
1419,63.52,1
254953,749.80,1
254971,17.62,1
242856,10.13,1
254972,173.56,1
4376,41.03,1
164348,23.68,1
222991,1932.72,1
180668,127.54,1
214254,93.71,1
180282,72.59,1
254974,516.83,1
11353,1095.89,1
148060,42.66,1
254976,4.13,1
254978,207.18,1
145488,0.05,1
183189,133.11,1
201975,28.95,1
103808,56.15,1
252678,1582.26,1
252073,23.06,1
150906,160.46,1
146255,76.58,1
212463,3434.39,1
34533,31.76,1
254985,1.98,1
238848,1924.93,1
148670,15.70,1
179127,299.17,1
244586,101.96,1
9754,684.82,1
254983,129.63,1
228222,9.20,1
212444,16.42,1
147638,210.92,1
255016,357.76,1
255017,12.81,1
159175,248.95,1
192420,451.13,1
199750,21.30,1
255031,2.93,1
255033,148.05,1
255038,1.08,1
215608,572.09,1
255044,69.82,1
226734,31.85,1
255047,12.07,1
255059,395.86,1
255062,44.53,1
253264,898.41,1
51872,83.55,1
3481,30.57,1
6950,879.07,1
251499,1.77,1
7163,537.53,1
255091,48.09,1
253157,0.57,1
4055,221.25,1
245707,0.85,1
250609,7.38,1
248414,427.01,1
6930,42.92,1
255128,488.95,1
2663,15.28,1
181529,4.13,1
255169,367.25,1
248675,9.47,1
233322,37.14,1
142965,12.49,1
235677,43.24,1
242308,38.60,1
255186,404.55,1
255189,0.25,1
235548,441.82,1
255148,40.98,1
239765,53.14,1
146948,4.77,1
255012,158.02,1
255204,4.68,1
254123,0.93,1
255207,157.68,1
225305,11.97,1
183092,101.32,1
255220,1096.63,1
255232,180.75,1
161537,91.06,1
1201,7.67,1
196154,67.01,1
3982,0.05,1
7069,17.90,1
7013,5.88,1
248992,103.32,1
255257,244.06,1
255267,119.37,1
149787,163.82,1
240987,253.04,1
255269,279.55,1
255272,36.22,1
250629,76.16,1
249243,3.04,1
252200,39.55,1
255275,723.55,1
82986,141.93,1
255296,589.54,1
171900,3448.22,1
255076,0.43,1
251329,414.75,1
182919,15.42,1
255000,111.60,1
255315,1.27,1
163786,3.00,1
22083,149.84,1
254913,31.37,1
255332,6.77,1
255333,2.83,1
255335,111.58,1
255341,50.02,1
255342,19.69,1
255343,65.16,1
255271,222.08,1
194528,69.05,1
255187,53.33,1
255353,96.75,1
232131,595.08,1
210670,284.76,1
1016,20.15,1
201214,17.42,1
236784,99.78,1
255282,657.83,1
255366,263.45,1
223034,152.21,1
40307,36.91,1
233908,35.20,1
195506,19.17,1
241036,145.79,1
255372,118.57,1
255058,731.74,1
255277,42.18,1
255306,168.42,1
207559,66.25,1
181809,70.45,1
246014,23.08,1
170034,150.67,1
255391,232.52,1
201470,12.37,1
238593,4.23,1
255405,3.33,1
255206,19.67,1
248806,4.75,1
156767,150.07,1
6819,28.14,1
240446,726.33,1
255486,282.53,1
184826,512.98,1
178994,20.18,1
255563,389.59,1
137920,83.46,1
2217,11.57,1
163884,26.60,1
197346,13.73,1
237186,27.37,1
1977,748.12,1
6559,461.31,1
255488,193.33,1
225736,49.75,1
7790,1.38,1
255449,138.53,1
2195,29.30,1
255924,15.95,1
255396,593.36,1
178111,15.87,1
255529,1.92,1
159060,176.51,1
208967,378.29,1
255589,4.71,1
256265,185.15,1
256432,549.56,1
256313,225.55,1
256422,54.42,1
256670,1528.87,1
254092,176.80,1
256443,173.06,1
12816,31.71,1
257112,265.59,1
257130,137.18,1
257234,422.57,1
257236,5.10,1
256970,0.70,1
257244,61.75,1
257155,282.31,1
256826,38.09,1
257609,662.51,1
257651,13.53,1
257532,67.18,1
256788,62.95,1
256484,34.38,1
5109,3.72,1
8495,312.50,1
257938,4.17,1
258141,351.80,1
258223,6.90,1
257415,181.40,1
162406,83.98,1
160419,3.48,1
8594,1450.44,1
1539,0.88,1
6096,21.10,1
258520,9.07,1
258561,195.36,1
258581,231.65,1
258636,687.77,1
154358,224.74,1
258703,47.95,1
258620,14.27,1
1540,675.59,1
256969,454.68,1
258800,66.87,1
258803,8.45,1
4337,10.47,1
258137,104.68,1
258743,3.80,1
258320,81.08,1
143148,40.77,1
258916,94.20,1
258984,129.11,1
259106,334.56,1
258818,227.43,1
258955,93.90,1
3943,163.81,1
258922,2.87,1
165014,27.83,1
2292,43.68,1
3799,177.07,1
14905,67.33,1
3856,248.58,1
259429,507.31,1
259174,281.51,1
159548,569.87,1
159590,46.44,1
259657,892.51,1
145873,64.14,1
259549,0.17,1
259952,289.25,1
259959,334.89,1
172397,39.45,1
259834,0.05,1
259262,209.67,1
3219,163.95,1
8095,79.65,1
259506,9.68,1
260111,125.94,1
260126,14.42,1
260132,124.38,1
260168,935.28,1
260181,131.28,1
2555,665.94,1
260173,1378.08,1
143216,144.10,1
2887,4.09,1
2925,15.30,1
3062,4.38,1
260192,327.25,1
2248,382.23,1
4194,30.23,1
2725,125.75,1
2019,0.53,1
1426,17.78,1
1404,29.73,1
2534,0.70,1
4186,41.81,1
2620,16.06,1
260549,26.68,1
260321,283.62,1
260578,31.98,1
260486,0.68,1
260616,1253.10,1
2070,128.39,1
260649,323.21,1
260707,36.09,1
260593,162.67,1
2258,7.85,1
257330,8.23,1
4384,0.08,1
260815,374.60,1
174840,124.71,1
258044,1095.56,1
260829,294.70,1
260329,82.05,1
2978,199.37,1
2255,244.17,1
198240,2.76,1
260891,9.73,1
214202,510.80,1
226653,33.29,1
260910,529.83,1
260572,426.80,1
2003,935.69,1
260952,285.35,1
260954,96.85,1
258386,207.71,1
238014,37.95,1
260968,82.88,1
260971,24.32,1
260977,56.69,1
236417,154.90,1
260176,29.80,1
251217,358.38,1
260998,1906.48,1
213802,182.47,1
257509,54.32,1
1880,719.03,1
1950,17.02,1
1246,528.56,1
256448,2073.86,1
260608,638.93,1
260684,183.99,1
6448,181.20,1
165954,91.01,1
261072,105.91,1
158108,393.65,1
145793,154.96,1
261086,178.29,1
193509,31.03,1
261110,0.25,1
183930,18.67,1
256838,7.70,1
1794,115.51,1
1778,397.37,1
260754,1256.03,1
259483,75.44,1
261158,254.49,1
261173,2.47,1
260813,0.72,1
238813,3.88,1
261121,198.25,1
261241,29.21,1
233160,426.60,1
261019,719.50,1
261085,0.65,1
173313,869.00,1
261288,113.96,1
261293,227.79,1
190625,1031.02,1
1537,19.81,1
14463,11.55,1
261059,215.90,1
261367,122.04,1
261374,142.91,1
261390,107.47,1
261412,1648.34,1
228445,9.27,1
261417,322.78,1
259283,564.69,1
259494,113.59,1
261446,378.91,1
261452,32.69,1
261483,19.85,1
261490,96.57,1
261495,30.30,1
260702,2.65,1
261171,728.08,1
261408,54.47,1
261552,123.03,1
260916,35.52,1
261565,59.70,1
261567,16.24,1
261515,7.13,1
255668,733.64,1
260345,1387.13,1
165374,246.98,1
261577,0.60,1
260915,46.98,1
244058,49.45,1
261593,270.42,1
260787,69.63,1
261607,21.07,1
261610,85.12,1
177791,70.84,1
261550,636.48,1
261633,71.97,1
3852,5.00,1
252896,13.48,1
261510,170.34,1
259300,260.00,1
261658,199.36,1
208412,2.20,1
259524,431.15,1
261674,17.43,1
261679,29.60,1
261239,489.98,1
176090,2779.99,1
11680,24.15,1
1581,285.95,1
261714,111.17,1
144179,4681.83,1
187632,68.83,1
261522,201.44,1
175077,72.39,1
145783,11.94,1
261735,585.52,1
261323,108.28,1
261337,571.66,1
216394,2086.01,1
260980,817.00,1
261519,147.81,1
225771,25.95,1
261758,52.40,1
240763,13.38,1
256405,90.00,1
261756,1424.67,1
258913,480.28,1
261766,234.71,1
259054,60.39,1
147048,26.30,1
261771,882.24,1
164442,565.99,1
261778,1346.47,1
188716,319.77,1
261682,1501.80,1
261590,864.21,1
261783,45.87,1
258463,198.07,1
261785,1445.69,1
261737,417.50,1
141316,22.45,1
16979,535.67,1
1036,221.62,1
261782,19.98,1
261777,2779.62,1
259870,1400.45,1
175629,52.02,1
261589,9.40,1
256954,284.45,1
261801,2338.63,1
261802,361.06,1
175955,56.55,1
205303,16.86,1
238879,52.37,1
261810,200.64,1
261809,91.34,1
261813,427.45,1
261819,37.43,1
261820,348.63,1
258325,15.31,1
259781,8.77,1
262068,139.21,1
262224,150.25,1
6011,13.85,1
1538,1.70,1
221481,111.31,1
261692,79.18,1
262273,47.44,1
261905,2220.69,1
261608,88.11,1
262406,570.57,1
262414,1487.73,1
258311,132.04,1
262237,116.03,1
262459,1077.42,1
262599,296.06,1
911,39.35,1
262634,158.88,1
1914,20.50,1
262641,542.63,1
259654,0.27,1
262754,14.30,1
262784,4.48,1
262643,409.66,1
262817,265.91,1
1183,46.82,1
261554,128.74,1
262955,18.82,1
263065,30.40,1
263118,107.15,1
9098,4.62,1
9107,496.02,1
259777,48.59,1
262988,736.51,1
262377,230.62,1
244031,369.03,1
262819,492.62,1
263296,258.59,1
260200,432.17,1
263321,441.41,1
263087,715.99,1
254152,237.21,1
253248,8.57,1
71716,100.56,1
215377,79.97,1
196809,765.34,1
221116,154.87,1
263392,155.73,1
263300,0.90,1
263231,102.70,1
263472,132.21,1
144378,62.87,1
263531,304.61,1
263368,387.03,1
263501,28.75,1
144164,410.88,1
7612,7.42,1
259070,0.27,1
259767,1997.04,1
261626,191.56,1
261644,203.66,1
261647,914.22,1
261670,44.10,1
262297,16.96,1
262585,1220.99,1
263639,130.17,1
2984,367.01,1
10422,871.99,1
3984,30.34,1
254541,6.58,1
263672,16.70,1
4872,242.51,1
263494,798.04,1
4698,18.33,1
263759,377.94,1
25521,5.82,1
144900,75.07,1
143214,64.78,1
263293,995.51,1
172427,7.28,1
4795,12.82,1
213109,281.95,1
263798,27.61,1
147906,15.45,1
1754,516.17,1
6618,123.22,1
15805,161.79,1
261805,37.77,1
5389,46.50,1
5774,249.23,1
263933,4.53,1
255534,118.33,1
263648,17.54,1
8544,352.64,1
2377,36.10,1
77591,48.19,1
4884,33.26,1
218237,404.71,1
1923,0.55,1
93270,106.40,1
263388,14.95,1
260042,1700.30,1
264141,56.58,1
173060,10.58,1
263496,342.11,1
262714,358.68,1
144599,4.57,1
144869,178.45,1
263859,262.16,1
263650,158.65,1
263706,148.88,1
263920,3.08,1
264476,1397.18,1
1317,21.27,1
23727,245.12,1
262412,687.72,1
264679,28.38,1
264684,625.66,1
264404,518.59,1
264696,219.09,1
264637,187.92,1
264131,323.67,1
264916,779.42,1
264049,368.17,1
264146,1809.11,1
264400,294.22,1
264826,239.25,1
265044,494.42,1
263661,86.96,1
265106,10.10,1
263683,167.37,1
265093,200.98,1
3239,1957.19,1
265218,75.75,1
265121,2.45,1
5018,31.50,1
265337,11.28,1
264623,220.99,1
264425,835.77,1
265025,71.00,1
265415,413.01,1
150745,440.15,1
265462,16.50,1
145013,425.27,1
265317,310.94,1
6589,176.01,1
148222,113.95,1
117782,0.10,1
255153,58.22,1
179264,73.43,1
163918,13.82,1
145681,1005.23,1
265262,33.28,1
265519,470.39,1
265572,80.77,1
182149,67.83,1
185766,8.77,1
265578,71.10,1
262569,395.40,1
263677,19.08,1
265714,5.26,1
236349,0.40,1
143454,9.42,1
265241,28.55,1
265176,57.82,1
146030,151.26,1
259258,88.72,1
181404,24.40,1
259026,292.14,1
265686,132.82,1
205950,902.73,1
265918,13.50,1
265928,1656.51,1
259408,1.88,1
24006,27.63,1
262792,132.36,1
254613,0.07,1
265966,853.88,1
265970,163.20,1
265878,636.09,1
266001,1749.97,1
262596,11.27,1
167964,1286.66,1
262821,451.81,1
266057,109.34,1
265489,12.00,1
266099,26.97,1
265789,251.82,1
180122,111.50,1
266123,0.63,1
157976,425.97,1
265967,1371.43,1
264732,10.85,1
260861,194.03,1
261753,26.31,1
260964,107.53,1
265653,181.82,1
262992,595.28,1
266308,1.38,1
263693,306.37,1
265449,86.51,1
266332,705.77,1
259702,33.43,1
163473,348.31,1
148643,97.82,1
24924,53.62,1
172174,116.95,1
266402,1.08,1
261668,178.70,1
266325,28.47,1
263104,1.43,1
265588,1465.76,1
265628,655.95,1
166121,0.08,1
238987,570.57,1
263076,1315.40,1
145905,49.46,1
266529,1179.79,1
156561,570.16,1
3115,21.03,1
266410,13.28,1
266455,10.13,1
266366,29.10,1
266548,1589.43,1
11402,0.12,1
254098,30.75,1
255765,164.80,1
259860,1595.09,1
146427,50.70,1
236628,856.91,1
263845,55.45,1
266249,12.73,1
266693,473.25,1
261883,426.71,1
266544,39.78,1
266603,3.38,1
266615,3.88,1
262908,0.43,1
266788,1288.00,1
266766,1233.12,1
266810,73.59,1
261828,59.22,1
266614,819.35,1
266894,67.50,1
266316,1.15,1
146551,33.61,1
263529,388.08,1
266340,82.71,1
266758,1064.43,1
267011,135.87,1
264687,82.53,1
267010,1174.65,1
263480,228.20,1
259996,516.24,1
999,384.21,1
196656,4.05,1
2973,3.28,1
7548,43.18,1
159101,47.61,1
3423,627.77,1
267109,57.51,1
267114,450.72,1
265310,608.35,1
266512,1936.29,1
182880,492.45,1
266616,94.79,1
267174,20.92,1
260465,1228.21,1
158990,46.69,1
699,222.35,1
267203,515.76,1
266754,328.74,1
266095,514.38,1
266584,177.36,1
146855,366.47,1
267358,104.05,1
160960,1116.03,1
263690,1030.07,1
185009,3.07,1
263791,40.18,1
146801,0.40,1
4019,57.50,1
260646,29.15,1
4537,305.28,1
251774,504.38,1
267496,165.76,1
267487,184.66,1
267613,5.81,1
225955,363.36,1
267662,0.28,1
267670,0.20,1
228262,445.60,1
160816,132.30,1
147044,4.20,1
246945,0.05,1
2546,383.99,1
267064,1787.36,1
146977,27.87,1
267558,592.16,1
243827,14.02,1
267106,67.92,1
263913,88.56,1
184481,49.57,1
261325,448.39,1
266725,743.14,1
261680,164.29,1
255912,42.88,1
267721,615.39,1
267778,6.02,1
267765,428.72,1
147143,125.09,1
1567,365.36,1
147146,123.22,1
257384,630.04,1
144390,0.92,1
147132,357.92,1
147061,77.24,1
147076,77.56,1
170493,1078.98,1
24701,66.85,1
267843,56.88,1
267854,271.76,1
33495,32.97,1
267026,429.58,1
267916,2326.68,1
267919,300.78,1
217758,19.47,1
62735,32.80,1
179463,3.93,1
267443,321.83,1
264254,76.93,1
267812,1674.35,1
262270,240.51,1
268046,10.03,1
268045,857.29,1
143392,27.01,1
261073,425.75,1
268011,2544.74,1
164455,5.32,1
264259,50.08,1
267286,753.39,1
267949,110.67,1
4435,1.37,1
268152,729.96,1
190596,82.30,1
268053,262.60,1
170381,162.61,1
196538,672.17,1
258154,1010.07,1
30872,1001.99,1
226945,40.93,1
259491,105.68,1
255241,267.70,1
268226,43.39,1
172441,2159.29,1
263934,17.95,1
161524,159.50,1
235620,16.43,1
262203,10.03,1
268257,206.34,1
264081,574.31,1
142814,162.32,1
262761,172.62,1
225377,6.28,1
261212,1409.42,1
147446,52.45,1
148901,29.45,1
268331,2237.55,1
268337,128.40,1
268344,87.50,1
268352,435.80,1
268373,84.98,1
147473,29.33,1
147231,109.98,1
161844,703.60,1
251293,337.30,1
5212,195.27,1
143407,38.51,1
268389,130.30,1
268357,1405.98,1
268263,595.94,1
268408,240.92,1
268410,459.48,1
264472,195.54,1
268293,518.44,1
16915,0.12,1
267643,726.21,1
268348,94.76,1
267498,193.89,1
268374,81.88,1
170915,30.27,1
5427,12.93,1
147444,12.82,1
144627,75.65,1
145484,138.59,1
268465,236.37,1
4784,296.60,1
268113,320.24,1
268473,362.81,1
268480,19.05,1
182728,4929.36,1
264761,127.96,1
213379,160.77,1
182962,505.81,1
268510,167.53,1
266012,1258.27,1
160562,6.66,1
268527,15.40,1
268420,92.62,1
268511,91.00,1
248036,354.75,1
147291,4.45,1
137389,804.05,1
267898,1379.64,1
268553,78.14,1
268558,282.47,1
268104,112.75,1
171350,5.35,1
257151,916.05,1
261990,10.53,1
268129,593.00,1
268584,391.72,1
235192,1051.27,1
261724,135.65,1
264291,7.49,1
268600,156.44,1
213528,174.35,1
21229,138.11,1
258163,54.68,1
228646,22.22,1
261491,40.85,1
268321,81.67,1
234155,225.53,1
182,2018.90,1
30273,133.65,1
268147,80.96,1
265101,424.84,1
268409,341.18,1
267813,585.48,1
265130,118.85,1
268641,557.13,1
265196,166.42,1
249481,10.45,1
259504,2051.81,1
268545,6.72,1
1019,56.49,1
268714,561.07,1
265250,1213.63,1
265110,584.05,1
259533,220.88,1
268742,30.73,1
268736,13.90,1
160524,75.82,1
258337,675.46,1
158129,56.62,1
2702,0.45,1
248305,558.08,1
2734,202.70,1
29758,692.82,1
261466,1621.35,1
236583,50.35,1
8059,114.10,1
147618,183.36,1
268779,117.92,1
268764,1941.09,1
149883,223.52,1
261582,1.00,1
268647,2.17,1
268796,1844.52,1
246415,0.22,1
1521,776.91,1
249600,7.05,1
253843,381.46,1
181620,1199.13,1
241632,977.65,1
268827,224.01,1
268830,52.18,1
258256,73.63,1
258373,1066.21,1
268768,458.22,1
268866,441.79,1
257898,50.43,1
268718,260.45,1
260356,120.95,1
268643,246.96,1
268877,22.37,1
268800,753.91,1
262044,0.58,1
16601,1120.41,1
268903,230.13,1
256753,37.00,1
47183,895.47,1
156183,812.96,1
198300,35.87,1
261200,9.75,1
265927,41.32,1
264368,2.16,1
268915,159.93,1
268923,456.38,1
268732,19.52,1
268892,24.60,1
268926,2070.13,1
268792,147.57,1
268940,847.86,1
262112,1574.36,1
4035,26.29,1
268287,132.45,1
268962,569.25,1
144151,614.51,1
263008,348.41,1
235692,212.61,1
167551,40.11,1
147672,1214.29,1
268990,1551.57,1
256834,130.00,1
268989,1480.08,1
268817,109.91,1
262386,332.08,1
182765,115.03,1
177665,15.17,1
269000,634.91,1
267936,2543.00,1
144023,786.56,1
262580,32.32,1
268922,670.74,1
269012,49.47,1
258782,387.39,1
269010,1078.28,1
268978,3002.27,1
269016,115.61,1
196268,324.11,1
17342,441.97,1
267959,809.77,1
269020,125.80,1
158034,363.25,1
164796,20.67,1
245804,191.39,1
269038,58.98,1
269040,2444.35,1
269047,349.65,1
268618,196.46,1
209958,156.73,1
268516,1269.24,1
269050,329.44,1
256703,1914.37,1
269030,36.43,1
183978,2010.43,1
269036,113.41,1
31,174.21,1
268908,8.53,1
11250,44.03,1
269054,778.31,1
149790,102.10,1
258956,325.97,1
254501,344.56,1
262578,62.64,1
143637,108.85,1
263579,346.19,1
266477,69.85,1
269066,1832.59,1
269070,573.36,1
1306,735.69,1
228826,220.56,1
268825,1609.34,1
24965,0.32,1
268929,107.51,1
171898,179.00,1
185851,2785.41,1
269068,212.05,1
254331,74.55,1
268805,1880.23,1
144467,5.82,1
268393,3.07,1
239647,17.30,1
269120,2.27,1
265906,14.53,1
239645,145.80,1
269174,5.01,1
171609,92.33,1
269188,40.95,1
269204,2947.76,1
268985,1491.06,1
269314,1675.65,1
4011,54.98,1
143799,4.87,1
265165,57.65,1
268556,908.65,1
269220,237.97,1
269485,921.82,1
269492,588.65,1
268390,2009.42,1
266112,5311.56,1
269549,777.86,1
268811,519.45,1
163241,99.80,1
269013,333.78,1
269570,569.80,1
269540,374.35,1
176391,405.52,1
269594,181.42,1
269633,116.35,1
225216,387.96,1
269670,218.13,1
269728,0.45,1
269518,1662.81,1
267885,443.63,1
269744,907.42,1
1046,1406.37,1
264998,2.53,1
101982,4.20,1
269771,861.20,1
269796,54.55,1
144397,1205.15,1
183925,80.93,1
216694,60.62,1
264253,337.06,1
269662,151.93,1
268529,490.17,1
269843,513.45,1
269862,60.17,1
269470,267.84,1
3751,860.08,1
269646,1220.04,1
269894,19.78,1
269896,4.25,1
269741,1937.58,1
269924,1048.37,1
269934,879.11,1
259884,1119.36,1
269978,339.34,1
269981,140.25,1
265005,525.84,1
269653,504.11,1
270003,162.22,1
270000,151.61,1
269535,21.95,1
270014,342.96,1
270022,548.56,1
155900,33.94,1
270098,363.76,1
247713,434.58,1
269289,165.16,1
200337,59.08,1
269976,432.41,1
266731,501.38,1
1436,0.24,1
270135,249.32,1
269671,465.35,1
270197,97.82,1
147448,111.52,1
270042,1368.38,1
269457,11.02,1
270263,706.76,1
270265,123.06,1
270179,536.14,1
270240,694.68,1
270304,58.93,1
270324,59.17,1
269519,521.84,1
270075,2588.02,1
269501,246.71,1
270247,512.52,1
264843,125.21,1
270363,255.42,1
270455,65.03,1
270036,457.85,1
270103,111.65,1
269754,111.10,1
270018,143.91,1
38359,1471.64,1
147878,2938.12,1
64522,53.65,1
144912,64.50,1
270596,98.60,1
248535,110.20,1
265003,1115.88,1
270602,19.51,1
270486,953.05,1
262260,164.21,1
270616,11.20,1
270648,103.13,1
270670,88.98,1
195508,2823.78,1
270619,344.35,1
270710,912.16,1
269864,212.33,1
270700,611.54,1
7873,187.06,1
270738,1342.04,1
269898,471.54,1
270062,214.05,1
270784,103.91,1
6862,224.51,1
265848,207.65,1
270811,185.91,1
269975,371.13,1
144788,1082.06,1
270898,31.86,1
270367,341.50,1
162497,1267.40,1
270931,915.03,1
269130,119.06,1
270947,20.47,1
4595,809.45,1
236797,628.10,1
270957,1320.94,1
97931,1772.90,1
270244,34.60,1
175440,788.91,1
271015,2044.01,1
270474,180.92,1
271035,1532.89,1
271006,132.09,1
270911,138.30,1
268242,690.37,1
270848,105.45,1
271169,301.02,1
270824,215.26,1
271220,191.73,1
271228,75.48,1
255827,1054.34,1
270393,700.21,1
208381,24.59,1
271296,58.41,1
271310,22.42,1
270606,908.84,1
271326,798.44,1
269984,711.02,1
268863,517.42,1
271348,890.81,1
271388,69.71,1
270599,2619.65,1
271154,2510.02,1
270968,161.25,1
271338,492.03,1
148849,30.81,1
195307,324.28,1
271426,43.70,1
158724,1431.57,1
8754,249.37,1
270188,198.44,1
264295,2376.14,1
271543,951.13,1
271557,189.70,1
182808,365.06,1
270744,963.78,1
270930,397.15,1
271670,267.59,1
264514,763.43,1
271094,181.29,1
271720,50.85,1
271755,35.40,1
271300,829.84,1
271760,52.00,1
26661,633.53,1
271851,673.20,1
271197,130.96,1
271768,1.83,1
271787,98.60,1
2737,680.58,1
145177,918.19,1
271664,536.62,1
271761,1452.99,1
271083,187.81,1
43191,187.35,1
152223,118.23,1
145313,66.72,1
266811,154.07,1
272001,1298.59,1
271991,1079.06,1
272029,606.65,1
271951,15.40,1
272035,2081.62,1
271950,1807.51,1
262487,88.92,1
271896,342.92,1
272063,93.55,1
265092,1480.16,1
272127,4.48,1
143785,43.41,1
271488,47.55,1
271519,1571.19,1
271243,471.04,1
272199,728.88,1
271792,317.18,1
270833,506.49,1
272255,713.96,1
271617,12.32,1
271872,391.68,1
271903,599.03,1
271465,831.29,1
270671,419.37,1
269872,701.02,1
272425,303.19,1
143599,37.26,1
270509,64.02,1
182377,52.98,1
272463,364.70,1
272472,2780.13,1
272157,379.13,1
272437,789.98,1
271800,2011.05,1
272543,171.99,1
272569,187.84,1
272659,56.29,1
272510,357.87,1
272696,202.80,1
270725,312.15,1
266395,337.95,1
190825,631.08,1
272261,485.12,1
272717,2416.56,1
272359,48.80,1
272128,2.27,1
166734,370.37,1
263307,120.91,1
272452,361.93,1
272616,337.87,1
272838,201.49,1
272596,1042.11,1
272282,74.62,1
270009,171.60,1
272283,451.24,1
272926,17.73,1
272909,4111.93,1
272961,128.25,1
272983,107.32,1
272991,2160.55,1
263309,526.26,1
272965,2342.53,1
273034,452.23,1
272979,460.83,1
273117,18.72,1
273126,712.68,1
271806,152.06,1
273131,37.71,1
272865,846.04,1
273164,27.99,1
273214,77.16,1
272842,6163.20,1
273235,116.58,1
13296,133.23,1
272906,47.86,1
272755,178.32,1
261189,405.08,1
273371,168.53,1
4874,2412.53,1
272977,167.94,1
272059,15.68,1
273423,5334.77,1
260833,118.33,1
273628,115.23,1
273060,974.52,1
273654,333.50,1
273684,45.43,1
273695,177.58,1
273671,601.30,1
272923,42.28,1
273630,105.04,1
270460,936.01,1
164356,0.13,1
15743,87.13,1
269064,1397.22,1
180153,842.74,1
273839,77.83,1
272918,347.34,1
273068,421.02,1
176012,222.84,1
273936,27.81,1
273953,28.40,1
274000,139.59,1
273249,395.93,1
1285,64.05,1
274039,1160.61,1
274057,156.49,1
273523,14.90,1
138534,52.62,1
272175,273.45,1
172793,876.16,1
167412,56.35,1
274163,737.02,1
274162,847.94,1
274166,1.35,1
183819,229.77,1
273846,404.09,1
273464,444.22,1
156057,124.60,1
153745,86.69,1
274157,476.45,1
273841,1047.50,1
274269,212.85,1
274273,601.34,1
17613,223.83,1
273486,515.97,1
274209,1029.21,1
274377,214.19,1
274382,626.36,1
274276,164.20,1
273544,266.06,1
274371,265.07,1
274438,14.99,1
274402,105.03,1
274536,331.34,1
274544,85.44,1
274433,335.44,1
144273,10.13,1
274521,89.78,1
274576,1203.12,1
268883,28.70,1
269541,1504.13,1
88122,43.22,1
273329,570.36,1
274585,30.05,1
271508,183.26,1
274589,87.88,1
274070,1262.54,1
161271,278.26,1
273994,9.88,1
274631,74.43,1
233090,19.54,1
274572,725.85,1
274639,31.90,1
272504,335.06,1
274652,159.71,1
268857,57.03,1
274498,544.25,1
261788,0.57,1
21464,77.34,1
145310,36.44,1
267824,21.23,1
274501,297.31,1
274766,42.37,1
6479,365.20,1
274798,629.14,1
274564,1862.78,1
274630,178.63,1
274814,823.70,1
274825,1147.78,1
274838,82.53,1
274189,282.34,1
38457,1.98,1
145813,85.40,1
274908,458.44,1
274781,49.94,1
274940,179.47,1
274951,63.33,1
274879,21.71,1
260929,296.82,1
274985,71.72,1
159186,1421.55,1
274904,430.45,1
274996,760.41,1
271185,1506.78,1
275020,1193.26,1
274958,108.20,1
272058,687.58,1
275049,19.93,1
275021,210.47,1
275050,543.22,1
274130,1077.70,1
275056,192.57,1
274880,58.74,1
275069,81.86,1
180719,154.18,1
275081,49.63,1
275098,165.31,1
269959,258.24,1
275113,67.23,1
275112,150.26,1
275126,2.10,1
275129,1416.27,1
274836,89.19,1
9808,147.11,1
1468,88.63,1
275154,136.52,1
171613,85.53,1
274999,183.06,1
275103,169.48,1
244504,91.59,1
196040,30.53,1
16796,46.35,1
257095,880.03,1
1909,238.36,1
1271,3.05,1
271140,702.81,1
261693,450.09,1
275273,234.16,1
275275,324.94,1
275277,527.99,1
275092,30.27,1
275276,23.13,1
275292,21.22,1
275282,941.87,1
274929,815.89,1
275293,104.56,1
275033,1520.21,1
618,238.14,1
275008,173.43,1
273599,103.49,1
275343,17.22,1
275141,94.92,1
55811,84.31,1
179103,17.13,1
275290,223.72,1
7955,134.48,1
270928,67.38,1
267488,141.06,1
275286,269.17,1
275373,57.22,1
246267,3711.65,1
263456,262.45,1
212436,0.07,1
267235,32.17,1
275389,52.38,1
271125,10.43,1
274861,1171.41,1
159071,22.24,1
275412,101.83,1
11709,225.15,1
274087,190.00,1
270183,78.56,1
210318,268.02,1
271352,198.97,1
275438,41.33,1
275442,1505.04,1
275444,30.92,1
274882,9.17,1
4392,113.73,1
273992,356.51,1
275449,772.07,1
274906,1482.14,1
211222,25.37,1
274278,213.08,1
274901,193.89,1
275468,255.55,1
175723,0.67,1
275479,280.23,1
187639,18.83,1
17987,4.67,1
271856,694.27,1
275490,300.00,1
275163,74.56,1
274663,0.05,1
217155,1157.15,1
275498,49.51,1
275503,3.57,1
274050,3073.05,1
275408,83.79,1
224777,38.85,1
275510,37.15,1
275513,136.49,1
269937,246.16,1
210409,123.52,1
275529,26.05,1
145713,481.37,1
182897,201.73,1
275470,1443.39,1
275532,66.69,1
275533,18.85,1
271082,24.88,1
275100,138.43,1
142856,211.10,1
275548,97.48,1
272586,83.63,1
275422,51.43,1
236968,267.31,1
275554,20.93,1
275552,302.39,1
275132,574.78,1
34121,450.67,1
227760,207.00,1
275158,99.95,1
275566,4.72,1
275565,13.65,1
225103,44.28,1
275413,269.15,1
271098,23.27,1
243273,51.67,1
274611,152.23,1
275039,47.13,1
275574,419.92,1
275362,154.96,1
275038,715.05,1
274475,261.79,1
275582,8.42,1
275148,218.37,1
275572,108.91,1
271114,166.62,1
275590,637.64,1
275591,52.81,1
235034,84.29,1
275592,51.18,1
275571,16.11,1
275440,77.27,1
115019,638.15,1
275598,10.38,1
275589,108.28,1
271925,143.45,1
261004,130.00,1
275629,23.75,1
275624,163.61,1
275637,460.49,1
1159,30.78,1
275644,60.42,1
275457,74.95,1
275165,657.28,1
274746,38.21,1
275518,21.86,1
275660,18.66,1
272570,325.39,1
275664,44.82,1
275534,88.51,1
147802,38.01,1
275516,43.48,1
275677,153.14,1
275253,25.12,1
275682,7.15,1
267090,29.12,1
275684,140.87,1
267878,35.38,1
2881,1.20,1
170962,125.81,1
264954,681.84,1
274994,435.90,1
225394,341.80,1
215160,388.98,1
271054,22.62,1
275741,50.22,1
275757,27.00,1
275575,60.93,1
161693,358.43,1
276112,135.20,1
275788,385.59,1
276130,148.20,1
275567,1312.83,1
275215,70.25,1
276238,564.48,1
276261,222.83,1
238267,470.76,1
204116,714.25,1
276395,146.78,1
276414,7.10,1
276420,166.51,1
276232,301.62,1
275799,324.61,1
276480,163.37,1
276510,267.13,1
276439,1518.07,1
276490,1165.84,1
276553,73.95,1
276455,1248.85,1
270633,692.11,1
276562,169.55,1
276383,155.83,1
276666,44.19,1
276671,193.39,1
10051,263.03,1
276708,567.42,1
276135,1138.92,1
276783,698.84,1
276784,550.54,1
276829,26.25,1
276265,280.65,1
2055,20.11,1
276852,62.23,1
276857,41.85,1
190610,312.85,1
5603,4.30,1
276932,85.65,1
274460,680.65,1
275463,86.74,1
276998,115.11,1
276990,243.41,1
277099,187.36,1
30206,483.09,1
274948,361.48,1
277135,60.99,1
276104,6.57,1
277063,205.43,1
277182,58.18,1
277105,34.40,1
277238,31.25,1
277109,265.81,1
163914,65.27,1
259019,0.17,1
277271,58.65,1
148133,0.94,1
277066,833.43,1
276938,357.98,1
276598,160.99,1
277384,371.17,1
277410,146.97,1
276781,8.40,1
6,67.08,1
277398,536.80,1
277499,452.42,1
276887,449.73,1
277521,161.30,1
277556,28.77,1
277562,308.65,1
277544,102.58,1
277590,458.07,1
277285,992.13,1
182398,114.32,1
277670,33.47,1
277557,1308.04,1
277084,939.50,1
273862,144.83,1
276542,258.92,1
277704,4.43,1
272887,162.47,1
277766,109.12,1
217976,80.64,1
277791,488.24,1
97530,110.52,1
277508,991.04,1
277803,159.12,1
277825,338.30,1
277591,2.08,1
277715,43.69,1
172782,206.23,1
151849,540.55,1
277880,6.18,1
277945,311.77,1
277953,157.01,1
275570,103.34,1
277964,308.61,1
223933,952.25,1
277866,828.51,1
208108,140.84,1
146888,13.13,1
146957,83.03,1
145944,36.69,1
277419,6.33,1
274552,191.50,1
277728,37.55,1
277609,445.18,1
169966,469.45,1
277814,8.45,1
250388,121.06,1
2811,575.71,1
152611,122.13,1
277845,74.71,1
278177,200.89,1
277524,28.84,1
25507,60.12,1
277821,490.59,1
277461,147.76,1
275173,231.97,1
278080,163.94,1
269874,242.54,1
278143,9.35,1
277864,288.55,1
272792,106.94,1
271837,236.60,1
160032,266.96,1
270988,432.58,1
278344,398.00,1
160610,316.26,1
278283,1054.87,1
269534,18.97,1
171536,7.13,1
278280,220.66,1
272544,9.06,1
278326,271.52,1
277668,51.87,1
278642,211.52,1
278509,662.54,1
278055,222.32,1
278695,95.58,1
278701,1.32,1
278723,33.62,1
277977,10.13,1
278129,202.95,1
155640,798.43,1
278582,396.09,1
278788,382.06,1
17859,16.10,1
278851,6.70,1
278758,225.93,1
278882,174.78,1
278586,310.74,1
278890,73.64,1
278764,689.21,1
276788,389.84,1
278915,45.76,1
278927,383.86,1
278940,590.30,1
278958,222.95,1
1151,206.23,1
278115,135.66,1
278753,636.97,1
278881,490.32,1
147542,124.83,1
278995,67.40,1
278905,159.20,1
278459,6.65,1
278215,2.03,1
279138,406.26,1
277012,87.53,1
247676,99.00,1
3541,28.05,1
1563,5.27,1
261393,412.80,1
6971,44.85,1
278531,22.89,1
239554,53.28,1
279352,173.05,1
2084,89.40,1
279394,6.22,1
239932,41.99,1
1802,0.05,1
274723,144.17,1
279132,240.34,1
278444,67.66,1
279470,186.61,1
278875,155.05,1
148886,185.38,1
279468,160.09,1
278716,244.50,1
6899,13.85,1
272213,79.65,1
279519,184.21,1
185019,2.58,1
43142,129.47,1
278906,141.05,1
279409,183.07,1
8641,85.40,1
279264,202.50,1
279625,50.78,1
2723,75.08,1
277403,214.24,1
238800,366.66,1
12530,4.55,1
279722,30.92,1
279748,30.73,1
279766,132.80,1
279680,136.21,1
156661,36.81,1
4078,0.90,1
11808,36.42,1
279738,158.07,1
279751,50.40,1
